NDMI,NDVI,NDVI_change,NDWI,SAR_change_dB,VH,VV,chronic_spill_mask,dark_spot_magnitude,dark_spot_mask,new_spill_mask,lon,lat
0.04361709579825401,0.5513246059417725,0.08488890528678894,-0.5461148023605347,-0.12048495390928782,-14.507044468042253,-7.539930708168772,0,-0.0037263098897752523,0,0,6.5352436919695185,5.008107708966333
0.0060247923247516155,0.48545920848846436,-0.019295990467071533,-0.44441279768943787,-0.4845303464413586,-14.351198197991746,-7.503935198066922,0,-0.019625553663083335,0,0,6.580159456175495,5.008107708966333
0.11851722002029419,0.5905954241752625,0.09979557991027832,-0.5751877427101135,-0.5649916275957265,-14.282632229220575,-7.5443505112885365,0,-0.0012957439494027095,0,0,6.625075220381471,5.008107708966333
0.15020132064819336,0.5550357103347778,0.05934074521064758,-0.5040603876113892,0.047528391480422094,-14.23912880557577,-7.131256441106093,0,-0.2055424238467341,0,0,6.6699909845874465,5.008107708966333
0.08874461054801941,0.6435364484786987,0.12283778190612793,-0.5963051915168762,-0.09708880593635882,-14.673740186199158,-7.480251850903823,0,0.014936868157553372,0,0,6.714906748793423,5.008107708966333
0.2059226632118225,0.6700000166893005,0.05502039194107056,-0.6033973097801208,0.02124219784609238,-13.450718078975267,-6.196363784020214,0,-0.5781628003126629,0,0,6.759822512999399,5.008107708966333
0.051674630492925644,0.5771915912628174,0.05015861988067627,-0.5536874532699585,-0.15916656990609557,-14.298391401769148,-6.883132025518936,0,-0.32648882931319456,0,0,6.8047382772053755,5.008107708966333
0.13119110465049744,0.708135724067688,0.11603182554244995,-0.66313236951828,0.0028625968707078897,-15.01895600033454,-8.07228564429625,0,0.12078702265263187,0,0,6.849654041411351,5.008107708966333
0.0103940200060606,0.5643712878227234,0.06906828284263611,-0.5792966485023499,-0.6033710150002598,-15.071094297671488,-8.096185334796393,0,0.00550860491207111,0,0,6.894569805617327,5.008107708966333
0.14189513027668,0.7134608626365662,0.15757131576538086,-0.645171046257019,0.46877179576454253,-14.247489139915162,-7.730623099889414,0,-0.052893735243308274,0,0,6.939485569823304,5.008107708966333
0.0862964391708374,0.6523852944374084,0.15718281269073486,-0.5919203758239746,0.3534252349697047,-14.11644836464778,-7.568903344426314,0,-0.08658247476690305,0,0,6.984401334029279,5.008107708966333
0.024577230215072632,0.5340985655784607,0.112765371799469,-0.5205047130584717,0.35587676687687697,-13.22400446922725,-5.857617044436539,0,-0.8373249944956748,0,0,7.029317098235255,5.008107708966333
-0.010056836530566216,0.4347275197505951,0.011285066604614258,-0.4908692538738251,0.028987758265103025,-13.620948842352314,-6.116980369188802,0,-0.6636882088138051,0,0,7.074232862441232,5.008107708966333
0.06763605028390884,0.5118674635887146,0.021153181791305542,-0.5261121988296509,-0.4612978376229684,-15.50171590858471,-8.765814307072864,0,0.20523679405464693,0,0,7.119148626647208,5.008107708966333
0.08713693916797638,0.4712643623352051,0.03235650062561035,-0.523347020149231,-0.6225531185720268,-16.098159270446605,-9.179598402600954,0,0.6217913758396056,0,0,7.164064390853183,5.008107708966333
0.07750984281301498,0.5396219491958618,-0.035914719104766846,-0.4783605635166168,-0.5697686363513093,-14.235093886427002,-6.9391358647249195,0,-0.2361486668651474,0,0,6.5352436919695185,5.053023473172308
0.1552899032831192,0.5299108028411865,-0.035931169986724854,-0.453043133020401,-0.4775621492514439,-14.413078261777871,-7.544742163866802,0,0.020363948613724377,0,0,6.580159456175495,5.053023473172308
0.03953517600893974,0.581605851650238,0.10127058625221252,-0.559861958026886,-0.4226843628359189,-14.448182703547207,-7.779715281118732,0,0.003110112947362333,0,0,6.625075220381471,5.053023473172308
0.1261846423149109,0.5430442690849304,0.10538241267204285,-0.4869654178619385,0.07142395255264322,-14.466620130925376,-7.5589615549647,0,0.048901058599192866,0,0,6.6699909845874465,5.053023473172308
0.13230398297309875,0.6209150552749634,0.04625523090362549,-0.5696202516555786,-0.6276395333412896,-14.665543549856176,-6.125423301736493,0,-0.6019374008521361,0,0,6.714906748793423,5.053023473172308
0.1133866235613823,0.5985130071640015,0.08528357744216919,-0.5670554041862488,-0.2381407085593068,-14.93109926540438,-7.535690286247734,0,0.04888055435081061,0,0,6.759822512999399,5.053023473172308
0.06901099532842636,0.667961835861206,0.27196189761161804,-0.5968483090400696,-0.15596265566255063,-14.64903735683826,-7.800543343855447,0,0.11922348439113337,0,0,6.8047382772053755,5.053023473172308
0.14683817327022552,0.7336357831954956,0.1755111813545227,-0.6553217768669128,0.06184629155970711,-14.858218640029763,-8.111542707570155,0,0.06827057197990584,0,0,6.849654041411351,5.053023473172308
0.013296002522110939,0.5813614726066589,0.1282697319984436,-0.5938421487808228,0.2767809538651633,-15.117851768932205,-8.26555328223434,0,0.20243633195491562,0,0,6.894569805617327,5.053023473172308
-0.03534096106886864,0.5479233264923096,0.14312896132469177,-0.5650730133056641,0.02724456045204171,-15.050819553226127,-8.55457734808761,0,0.3154278808441951,0,0,6.939485569823304,5.053023473172308
0.01175797451287508,0.5127688050270081,0.1894962191581726,-0.5518786311149597,0.2904323548263985,-14.880863395565683,-8.762665120456104,0,0.46950094562317235,0,0,6.984401334029279,5.053023473172308
-0.05948251858353615,0.41649484634399414,0.0392669141292572,-0.43824145197868347,0.5870617158714673,-16.31631944785986,-9.267496176661961,0,0.6284551707970116,0,0,7.029317098235255,5.053023473172308
0.0987854152917862,0.6271666884422302,0.1291043758392334,-0.5778475403785706,0.08076939539253125,-14.920139986196792,-8.309225135635733,0,0.2125080881071696,0,0,7.074232862441232,5.053023473172308
0.06844738870859146,0.5857678055763245,0.10273388028144836,-0.5679758191108704,0.042958065521304434,-15.232446562525649,-8.740416738948907,0,0.28750864067240006,0,0,7.119148626647208,5.053023473172308
0.02679891511797905,0.3796427547931671,-0.030911505222320557,-0.4358217716217041,-0.26092190147373806,-14.772953662817155,-5.8248227715406085,0,-0.9925380047142215,0,0,7.164064390853183,5.053023473172308
0.09981401264667511,0.5571437478065491,0.14445573091506958,-0.4890093207359314,-0.3314567714066001,-14.314011497440738,-7.489439875977789,0,-0.031362574653393684,0,0,6.5352436919695185,5.097939237378284
0.10930396616458893,0.5566967129707336,0.02319437265396118,-0.4900597631931305,0.017123284040045483,-14.139282320824137,-6.665948182156446,0,-0.31435964073575196,0,0,6.580159456175495,5.097939237378284
0.03952278941869736,0.5011319518089294,0.03921946883201599,-0.4630460739135742,0.5882257633690777,-12.341188282113714,-4.386800336812486,0,-1.230351419777385,0,0,6.625075220381471,5.097939237378284
0.06364535540342331,0.5992403030395508,0.09107571840286255,-0.5377297401428223,-0.47532639699545154,-14.147439946465441,-7.194070796066251,0,-0.14701915442336633,0,0,6.6699909845874465,5.097939237378284
0.1848870813846588,0.6773098111152649,0.05379617214202881,-0.6287645697593689,-0.22292808326893443,-14.239464916113123,-6.128095493246617,0,-0.5102107166110933,0,0,6.714906748793423,5.097939237378284
0.18745800852775574,0.7175251245498657,0.08261346817016602,-0.6491446495056152,-0.10087661234449019,-14.139802990472324,-6.302743925655809,0,-0.4066724343087017,0,0,6.759822512999399,5.097939237378284
-0.08894749730825424,0.3130943775177002,0.041056424379348755,-0.3703570067882538,1.9826611674220922,-9.251699799752593,-0.7288828320963356,0,-2.653130243210628,0,0,6.8047382772053755,5.097939237378284
-0.10580642521381378,0.4164537787437439,0.18231189250946045,-0.49918878078460693,0.09722060254542875,-14.88065483395742,-8.554355590255398,0,0.3371165873316018,0,0,6.849654041411351,5.097939237378284
0.10649818181991577,0.6939550638198853,0.15851879119873047,-0.635211706161499,0.23932679363233156,-14.92227827794907,-7.8290367733995385,0,-0.029845152460273753,0,0,6.894569805617327,5.097939237378284
0.20506970584392548,0.7458685040473938,0.11688876152038574,-0.6593368053436279,-0.05345728296734631,-13.967802590154099,-7.303534958177095,0,-0.37682486732011267,0,0,6.939485569823304,5.097939237378284
0.0642605572938919,0.6595744490623474,0.1554027795791626,-0.6087824106216431,-0.11316670975914,-14.937198213165315,-8.525798193317739,0,0.3080340930144149,0,0,6.984401334029279,5.097939237378284
-0.16123268008232117,0.36244869232177734,0.04507055878639221,-0.5039142966270447,-0.392282438556661,-15.5511935191741,-9.281642253003186,0,0.5486886564032591,0,0,7.029317098235255,5.097939237378284
0.13651441037654877,0.682033896446228,0.14752846956253052,-0.6189233064651489,0.43697283004989096,-14.697113497680734,-8.090596534048894,0,0.07304631487684587,0,0,7.074232862441232,5.097939237378284
0.11450687050819397,0.5680119395256042,-0.004791140556335449,-0.5280407667160034,-0.1695121676661202,-15.255764256015361,-8.428776425019231,0,0.23841158059250678,0,0,7.119148626647208,5.097939237378284
0.04070365056395531,0.48201990127563477,0.01930597424507141,-0.4707850515842438,-0.23909049027566542,-14.563336493721987,-7.98881335797268,0,0.004357088351900352,0,0,7.164064390853183,5.097939237378284
0.14964719116687775,0.6108570694923401,0.08365529775619507,-0.5405696034431458,-0.2694816085027174,-13.584720561321777,-6.844982441368908,0,-0.35471632908361583,0,0,6.5352436919695185,5.142855001584261
0.04272560775279999,0.4253922998905182,0.08588391542434692,-0.3915303349494934,-0.1811370438860802,-14.294656797419954,-7.208313199664268,0,-0.05072469923269339,0,0,6.580159456175495,5.142855001584261
0.06501459330320358,0.5923982262611389,0.16261929273605347,-0.5420881509780884,-0.32311470252176555,-14.936256144432594,-7.996632848936613,0,0.17886648118414578,0,0,6.625075220381471,5.142855001584261
0.20908169448375702,0.6751931309700012,0.036741673946380615,-0.5907412171363831,-0.09173204831204096,-14.082412702950224,-6.910041208914691,0,-0.183724012419466,0,0,6.6699909845874465,5.142855001584261
-0.07150536775588989,0.44639867544174194,0.0648907721042633,-0.5189093947410583,-0.7827751048194926,-15.430070506097266,-8.358564000064145,0,0.29701727488042484,0,0,6.714906748793423,5.142855001584261
0.20991875231266022,0.6785290837287903,0.024026095867156982,-0.6125355958938599,-0.12928620454218187,-14.646848261044386,-6.090776295274452,0,-0.5610152527145282,0,0,6.759822512999399,5.142855001584261
0.13150624930858612,0.6905606985092163,0.15453922748565674,-0.6222966909408569,0.003169427758748178,-14.854336669266303,-7.611859223377176,0,0.026080124408451238,0,0,6.8047382772053755,5.142855001584261
0.15457278490066528,0.7489430904388428,0.15609383583068848,-0.6813711524009705,0.18394870181231227,-14.496524733615669,-8.002114883896152,0,-0.0851218272141017,0,0,6.849654041411351,5.142855001584261
0.003652957733720541,0.5847151875495911,0.12751001119613647,-0.6161764860153198,0.14946438831039544,-14.452967602840445,-8.248413603405073,0,0.0790498749656623,0,0,6.894569805617327,5.142855001584261
0.16105453670024872,0.6576271057128906,0.024565160274505615,-0.6229671239852905,-0.4600764583384489,-15.032861039677371,-7.4143175187810595,0,-0.26679276058583606,0,0,6.939485569823304,5.142855001584261
0.09186243265867233,0.6902597546577454,0.19447419047355652,-0.6258588433265686,0.09299498001617401,-14.230095265647062,-6.611453167661342,0,-0.5372843193117236,0,0,6.984401334029279,5.142855001584261
0.2133454531431198,0.7493455410003662,0.08625161647796631,-0.652550220489502,0.17247444740024065,-14.091603266025182,-7.302827544426554,0,-0.2388687375762639,0,0,7.029317098235255,5.142855001584261
0.14300307631492615,0.6896942257881165,0.092399001121521,-0.607758641242981,0.2624403686817134,-14.380589612331534,-7.746776657789222,0,-0.044839911638979095,0,0,7.074232862441232,5.142855001584261
0.041216474026441574,0.5124037265777588,0.07944634556770325,-0.5415019989013672,-0.2653176765819083,-14.86723637677658,-7.30177289807303,0,-0.3678629041484193,0,0,7.119148626647208,5.142855001584261
0.10437709838151932,0.5270373225212097,-0.003988146781921387,-0.570426344871521,0.3902522477730024,-14.867911278789467,-8.395054683400822,0,0.14824427463750992,0,0,7.164064390853183,5.142855001584261
0.1949198842048645,0.6126044392585754,0.09125900268554688,-0.5109795331954956,0.013423619726665947,-13.99662003214551,-7.075616883258783,0,-0.2265388558623485,0,0,6.5352436919695185,5.187770765790236
0.17530053853988647,0.6706792116165161,0.17312505841255188,-0.5794286727905273,-0.3731459574687097,-14.020632621030487,-7.145109623250253,0,-0.16992131777828928,0,0,6.580159456175495,5.187770765790236
-0.0052600461058318615,0.4465535879135132,-0.03629779815673828,-0.4268701672554016,-0.28183600649276475,-15.244393649412997,-8.17708430674399,0,0.2431923789049063,0,0,6.625075220381471,5.187770765790236
0.05434941500425339,0.5476356744766235,0.15060532093048096,-0.5543495416641235,-0.15044043371386362,-11.924560079910652,-4.349902322782554,0,-1.2599381454709362,0,0,6.6699909845874465,5.187770765790236
0.13793833553791046,0.69914311170578,0.12929129600524902,-0.6373088359832764,-0.0887897207016266,-13.645931419911602,-6.638502338254707,0,-0.31632019507089604,0,0,6.714906748793423,5.187770765790236
0.16694560647010803,0.6985383629798889,0.09257626533508301,-0.6430044174194336,-0.28619555690260867,-14.78123927229809,-7.602623246941604,0,0.03942164979288061,0,0,6.759822512999399,5.187770765790236
0.16040371358394623,0.6887500286102295,0.12176120281219482,-0.6656467318534851,-0.21623407746312662,-14.955649791412874,-8.007437702665094,0,0.09816549477201746,0,0,6.8047382772053755,5.187770765790236
0.1517939418554306,0.7227382063865662,0.1847308874130249,-0.6728754639625549,0.12467623618872459,-14.46205977424173,-7.5177393666642764,0,-0.03310256287031706,0,0,6.849654041411351,5.187770765790236
0.13029888272285461,0.5961379408836365,0.03209841251373291,-0.5408788323402405,0.4953529371512211,-14.596589775352037,-8.028595807088134,0,0.02501928226366572,0,0,6.894569805617327,5.187770765790236
0.03430531919002533,0.6144578456878662,-0.0008504390716552734,-0.6324872970581055,-0.4702203030304748,-13.915379892453236,-7.746996225221876,0,-0.08138714634684886,0,0,6.939485569823304,5.187770765790236
0.05329793691635132,0.6437221169471741,0.18026146292686462,-0.6267090439796448,0.40756441972344426,-14.42756845382272,-7.61193600286528,0,-0.11124338186367518,0,0,6.984401334029279,5.187770765790236
0.1410467028617859,0.6771300435066223,0.07718914747238159,-0.6147459149360657,0.4477352009261031,-14.45085351471276,-7.735941132838886,0,-0.07921860499456768,0,0,7.029317098235255,5.187770765790236
0.09178929030895233,0.5837485790252686,0.022488415241241455,-0.5592452883720398,0.40619197828566556,-14.590529707150619,-7.848762986497206,0,-0.09379650603735168,0,0,7.074232862441232,5.187770765790236
0.0840352401137352,0.5712418556213379,0.0924864113330841,-0.5622563362121582,0.46346995034731187,-14.761697524208206,-7.202052323959126,0,-0.2373700948083867,0,0,7.119148626647208,5.187770765790236
0.13725192844867706,0.6553894281387329,0.1385718584060669,-0.6050935983657837,0.3944498986534182,-14.615415062179888,-7.54956071955495,0,-0.07745245645559351,0,0,7.164064390853183,5.187770765790236
0.03650501370429993,0.3123008906841278,-0.20214995741844177,-0.28380894660949707,0.09380083509344939,-13.546418903979475,-6.447450404896079,0,-0.35641787159914373,0,0,6.5352436919695185,5.232686529996212
-0.007227407768368721,0.46532660722732544,0.0016993880271911621,-0.4796750247478485,-0.7054055401601946,-15.258456535641226,-8.380040015530803,0,0.22334124351903034,0,0,6.580159456175495,5.232686529996212
0.06529226154088974,0.5313607454299927,0.09352552890777588,-0.47631949186325073,0.11849636399432129,-14.760048510485294,-6.524856353358617,0,-0.4255417867681395,0,0,6.625075220381471,5.232686529996212
0.12464747577905655,0.6378263235092163,0.14359554648399353,-0.5893749594688416,0.12833045788677122,-14.07364611806626,-7.20676134908948,0,-0.02861062784870327,0,0,6.6699909845874465,5.232686529996212
0.23208606243133545,0.7285457849502563,0.12210506200790405,-0.6523450016975403,0.013738658058579212,-13.45990448141426,-6.3801716003286995,0,-0.508215278212808,0,0,6.714906748793423,5.232686529996212
0.11252789944410324,0.5895221829414368,0.0016170144081115723,-0.5450475811958313,-0.03767179203140447,-13.724155488094947,-6.184925151014677,0,-0.53524677927643,0,0,6.759822512999399,5.232686529996212
0.14087644219398499,0.7054033875465393,0.1895580291748047,-0.6710107326507568,0.08340130793010392,-14.370458582441563,-7.451194535359339,0,-0.020914761678271065,0,0,6.8047382772053755,5.232686529996212
0.183217391371727,0.7675590515136719,0.16487473249435425,-0.681246280670166,-0.1276937420983355,-14.804295211753583,-7.712583651318134,0,0.0812648999884284,0,0,6.849654041411351,5.232686529996212
0.13993336260318756,0.7082738876342773,0.19092613458633423,-0.663053035736084,0.24079684127574907,-14.915579538129347,-8.27149803080922,0,0.1614692531354006,0,0,6.894569805617327,5.232686529996212
0.07998129725456238,0.6551971435546875,0.1504572033882141,-0.6474239230155945,0.21819743446125273,-14.819658060863606,-8.21174257537849,0,0.2100709753720258,0,0,6.939485569823304,5.232686529996212
0.09771908074617386,0.5871559381484985,0.035334885120391846,-0.5793077349662781,0.29893220025228473,-15.183684373853733,-8.46344300852134,0,0.2933524887060607,0,0,6.984401334029279,5.232686529996212
-0.07385696470737457,0.49791431427001953,0.11737757921218872,-0.5479031801223755,0.1657142638050484,-15.547867685764897,-9.02626978600968,0,0.49887262241651154,0,0,7.029317098235255,5.232686529996212
0.1399908810853958,0.7235435843467712,0.13450485467910767,-0.6436554789543152,0.15747860891610443,-14.569255853659207,-8.17309104462468,0,0.03150343453209848,0,0,7.074232862441232,5.232686529996212
0.13257963955402374,0.5488966703414917,0.1330755650997162,-0.5068926811218262,0.16777910335405277,-14.680590218213093,-6.717028029405271,0,-0.5091586002589803,0,0,7.119148626647208,5.232686529996212
0.07435902953147888,0.5068716406822205,0.002770721912384033,-0.5367891788482666,0.07075305737367721,-15.144766470570763,-8.378860196416637,0,-0.038268809287094946,0,0,7.164064390853183,5.232686529996212
0.16585512459278107,0.5570926666259766,-0.028197824954986572,-0.4825115203857422,0.10632662953729444,-13.696367844480951,-7.184828892413188,0,-0.17108955063043302,0,0,6.5352436919695185,5.277602294202189
0.08250578492879868,0.2620770037174225,-0.2103271186351776,-0.24350422620773315,0.07212293651141799,-14.246062497779853,-7.2614657390186625,0,-0.1354865051886473,0,0,6.580159456175495,5.277602294202189
0.011824254877865314,0.5662241578102112,0.13573840260505676,-0.5206354856491089,0.04152144472290864,-14.721411101495011,-7.984562517563994,0,0.14091518906112882,0,0,6.625075220381471,5.277602294202189
0.12951603531837463,0.6088338494300842,0.0731438398361206,-0.553616464138031,0.05032259452815957,-13.971150072235805,-7.131215230280614,0,-0.006023408190402982,0,0,6.6699909845874465,5.277602294202189
0.2555391490459442,0.7261820435523987,0.09352755546569824,-0.6666666865348816,0.16671092398689602,-13.55386769715929,-6.469826182570314,0,-0.4840408576377704,0,0,6.714906748793423,5.277602294202189
0.11385907977819443,0.6382978558540344,0.09550845623016357,-0.6383717656135559,0.06322814611836947,-14.655969682125749,-7.9445055117893375,0,0.24075958727696792,0,0,6.759822512999399,5.277602294202189
-0.011857721023261547,0.5706806182861328,0.2046920359134674,-0.5549295544624329,-0.7090756007204462,-15.16434357604173,-8.268042873499024,0,0.3408481588647332,0,0,6.8047382772053755,5.277602294202189
0.1155698150396347,0.6867470145225525,0.13585025072097778,-0.6322451829910278,-0.6701310628406816,-15.426361007441717,-8.316580173856035,0,0.3071989183808352,0,0,6.849654041411351,5.277602294202189
0.16817444562911987,0.7240670919418335,0.181674063205719,-0.6499682664871216,-0.0465524102736925,-15.091572558750975,-8.168894376971151,0,0.09138824827976061,0,0,6.894569805617327,5.277602294202189
0.08548799157142639,0.5546123385429382,0.05817985534667969,-0.5010928511619568,0.1411566874854433,-14.822560187079715,-8.121703986489154,0,0.20055693325923013,0,0,6.939485569823304,5.277602294202189
0.19172516465187073,0.5339990854263306,-0.09809988737106323,-0.4873213469982147,-0.1972558693467663,-14.34471159263749,-7.585775820290355,0,-0.024800624050178802,0,0,6.984401334029279,5.277602294202189
-0.024357249960303307,0.4830707311630249,0.07421264052391052,-0.5136458873748779,0.41241715315844996,-14.16453373343045,-6.984838726993302,0,-0.32980361703552963,0,0,7.029317098235255,5.277602294202189
0.13278008997440338,0.652402400970459,0.005735874176025391,-0.6100950837135315,-0.1212943729373297,-15.125307190016837,-8.000222203410354,0,0.021320711705641555,0,0,7.074232862441232,5.277602294202189
0.1357748955488205,0.5871757864952087,-0.01222294569015503,-0.5503166913986206,0.6122099614001719,-14.982584476523737,-8.131602462782137,0,0.11972080649608142,0,0,7.119148626647208,5.277602294202189
0.06600819528102875,0.5657466650009155,0.1374465823173523,-0.5600138902664185,-0.061141404191243254,-14.709086913132001,-7.8862629607017,0,-0.0562682398357245,0,0,7.164064390853183,5.277602294202189
0.23333552479743958,0.650750458240509,0.07272982597351074,-0.5850992202758789,0.14956841293612477,-13.768083783108196,-7.267779473876015,0,-0.09030253114589235,0,0,6.5352436919695185,5.322518058408165
0.18967677652835846,0.5501351952552795,-0.019264400005340576,-0.47608017921447754,0.3893137089574026,-13.829648111528797,-7.04447817201149,0,-0.24194716963993468,0,0,6.580159456175495,5.322518058408165
0.0553075410425663,0.5441859364509583,0.11204981803894043,-0.47368812561035156,-0.0499991443181127,-14.468893979418826,-7.354377306566629,0,-0.02728149382338594,0,0,6.625075220381471,5.322518058408165
-0.09211929142475128,0.4041636884212494,0.02566590905189514,-0.48406678438186646,0.17225447863708165,-14.244359889140346,-6.765301234711298,0,-0.1812595398974463,0,0,6.6699909845874465,5.322518058408165
0.2657734155654907,0.7510231733322144,0.09386730194091797,-0.6553041934967041,0.14635195324227546,-13.540151160628223,-6.185718046215232,0,-0.543754745920684,0,0,6.714906748793423,5.322518058408165
0.1693851798772812,0.732342004776001,0.14414381980895996,-0.6510186195373535,0.06771850891658993,-14.840954521632872,-7.960080812527243,0,0.2071708931261998,0,0,6.759822512999399,5.322518058408165
0.17150847613811493,0.715157687664032,0.18240201473236084,-0.6532037258148193,0.08839038154556089,-14.7863926678223,-7.589814332696191,0,0.001213222038058659,0,0,6.8047382772053755,5.322518058408165
0.09593085199594498,0.6608666181564331,0.1085500717163086,-0.6137845516204834,-0.014526395345877852,-15.113476901098242,-7.535543658862077,0,0.08306366182732772,0,0,6.849654041411351,5.322518058408165
0.14266398549079895,0.7128378748893738,0.15291154384613037,-0.6520039439201355,0.22596007347966562,-14.60947455253054,-7.403651078725498,0,-0.1351237401792454,0,0,6.894569805617327,5.322518058408165
0.10562413185834885,0.6710435152053833,0.08851289749145508,-0.6387665271759033,-0.3537314692991771,-14.993971439735168,-7.853822274878933,0,0.09134647624705203,0,0,6.939485569823304,5.322518058408165
0.06794220209121704,0.5810098052024841,0.027109622955322266,-0.5691847205162048,0.10055498612355862,-14.891739889854733,-8.204455653239446,0,0.16419849333851042,0,0,6.984401334029279,5.322518058408165
0.13480886816978455,0.6105631589889526,0.047290265560150146,-0.554190993309021,0.2684264181087368,-14.654641183417425,-7.938075902699085,0,0.08036393526929876,0,0,7.029317098235255,5.322518058408165
0.08581618219614029,0.5331648588180542,-0.0895199179649353,-0.6099502444267273,0.4089485434140556,-14.841977312061568,-8.284559327210548,0,0.2500666620284066,0,0,7.074232862441232,5.322518058408165
0.11482559144496918,0.6936026811599731,0.1699097752571106,-0.6210119128227234,-0.19006054054328203,-14.862024307771618,-8.016642928502042,0,0.009591240168781658,0,0,7.119148626647208,5.322518058408165
0.06850768625736237,0.5184905529022217,0.04183855652809143,-0.5099437236785889,0.08205558742935626,-15.19814740362168,-7.331545517353268,0,-0.30754622710028356,0,0,7.164064390853183,5.322518058408165
0.22057096660137177,0.6703216433525085,0.12117207050323486,-0.5879082679748535,0.0673615885286889,-13.929720604925443,-7.252619963985787,0,-0.09976014718386324,0,0,6.5352436919695185,5.3674338226141405
0.18500235676765442,0.4812217950820923,0.013829022645950317,-0.4005144238471985,0.1055398103983407,-13.87808323580089,-7.083428608891513,0,-0.21756238571253944,0,0,6.580159456175495,5.3674338226141405
0.10225103050470352,0.5389830470085144,0.09317883849143982,-0.49944955110549927,0.2306075698639507,-14.33751247820732,-7.343423006804869,0,-0.034198479551077646,0,0,6.625075220381471,5.3674338226141405
-0.0683172345161438,0.4403655529022217,0.10540050268173218,-0.4836479425430298,0.017064211120317196,-14.638233909051058,-7.040751208331107,0,-0.1134982243128484,0,0,6.6699909845874465,5.3674338226141405
0.14832541346549988,0.524124026298523,-0.006332039833068848,-0.47806763648986816,0.39236252650612347,-14.10290073492963,-7.095325051549914,0,-0.1502772105184535,0,0,6.714906748793423,5.3674338226141405
0.008418230339884758,0.4163307249546051,0.09909871220588684,-0.442842572927475,-0.5191642115321367,-14.984117218201135,-7.554684747673679,0,-0.1411631104722212,0,0,6.759822512999399,5.3674338226141405
0.013174274004995823,0.2943792939186096,-0.031115412712097168,-0.3081699013710022,-0.32195920062005356,-15.147794035044267,-8.160162145584739,0,0.23602941402886635,0,0,6.8047382772053755,5.3674338226141405
0.06744794547557831,0.3159899413585663,-0.21936360001564026,-0.30687910318374634,-0.2415101366867196,-14.709957769299749,-7.946440634856915,0,0.13213531307805965,0,0,6.849654041411351,5.3674338226141405
0.08939233422279358,0.3418201506137848,-0.11929985880851746,-0.3271079361438751,-0.15230746328941613,-15.564682746783255,-8.819075526680415,0,0.32541200795880876,0,0,6.894569805617327,5.3674338226141405
0.04774608090519905,0.37355396151542664,-0.071103036403656,-0.3733693063259125,0.04830514010556897,-15.424907452185943,-8.586074067671035,0,0.3142719321897904,0,0,6.939485569823304,5.3674338226141405
0.10120917856693268,0.3951191008090973,-0.12416109442710876,-0.38625866174697876,0.16318574747838888,-14.994577417326095,-8.519467145624164,0,0.26090264085725856,0,0,6.984401334029279,5.3674338226141405
0.04869605600833893,0.4744245409965515,0.06794074177742004,-0.4839498698711395,0.10008688427270673,-14.239803562073154,-7.201541650716421,0,-0.16172239327026564,0,0,7.029317098235255,5.3674338226141405
0.12503571808338165,0.6011414527893066,0.18235895037651062,-0.5504471659660339,-0.08529327130405129,-14.636388833534838,-7.6725232758835205,0,-0.1410191093163573,0,0,7.074232862441232,5.3674338226141405
0.12281201034784317,0.6278006434440613,0.1446467638015747,-0.5998959541320801,0.07433222270926088,-13.962912631726866,-6.79335331006755,0,-0.39092902427110243,0,0,7.119148626647208,5.3674338226141405
0.1657113879919052,0.5343402624130249,-0.04436695575714111,-0.5049015879631042,-0.010752890799539117,-15.145302337947427,-8.428242385108526,0,0.12669185218794551,0,0,7.164064390853183,5.3674338226141405
0.23326663672924042,0.6432957649230957,0.07539647817611694,-0.5658189654350281,0.1555921214100957,-14.0594447510921,-6.9514603260250425,0,-0.1771798576735057,0,0,6.5352436919695185,5.412349586820117
0.1962454915046692,0.6011545658111572,0.13370922207832336,-0.5355870723724365,0.1370828235915722,-13.96994601137774,-7.074332285120176,0,-0.15725212504337294,0,0,6.580159456175495,5.412349586820117
0.21137011051177979,0.6563778519630432,0.18923050165176392,-0.5795639157295227,0.32589263451499484,-14.141391444307661,-7.225167965034398,0,-0.08822532389939271,0,0,6.625075220381471,5.412349586820117
0.01287681981921196,0.47534850239753723,0.11195537447929382,-0.49753791093826294,-0.33261680065754007,-15.320461335496175,-8.653615102202739,0,0.38297982958993615,0,0,6.6699909845874465,5.412349586820117
0.13595187664031982,0.6109998822212219,0.06438195705413818,-0.5512427091598511,0.10656289272246688,-14.064485277593466,-7.375196957484403,0,-0.09327887364406244,0,0,6.714906748793423,5.412349586820117
0.10396888852119446,0.43033602833747864,-0.08902844786643982,-0.4032490849494934,-0.37982699219521976,-16.000383048095614,-9.281464651163114,0,0.6729733801916837,0,0,6.759822512999399,5.412349586820117
0.062299441546201706,0.42880016565322876,-0.020206451416015625,-0.40030279755592346,-0.5898747697150171,-15.395082222721907,-8.422620480601296,0,0.28651097076997734,0,0,6.8047382772053755,5.412349586820117
0.06082843616604805,0.41847434639930725,-0.11854985356330872,-0.42531660199165344,-0.04842305368006716,-15.11232424010948,-7.946105842685804,0,0.24466182257461494,0,0,6.849654041411351,5.412349586820117
0.102967768907547,0.34622013568878174,-0.22167283296585083,-0.32582491636276245,0.612363019418007,-11.939638791278352,-5.825937850562414,0,-0.7635668726219097,0,0,6.894569805617327,5.412349586820117
-0.008177993819117546,0.3343045115470886,-0.01861584186553955,-0.34019047021865845,0.720516838125759,-15.528354838088827,-8.101545169874614,0,0.14726011430845293,0,0,6.939485569823304,5.412349586820117
0.044439587742090225,0.46289700269699097,0.09641239047050476,-0.446102499961853,-0.18992435498048188,-15.438634736661276,-8.672846796372095,0,0.2876718643358767,0,0,6.984401334029279,5.412349586820117
0.06662429869174957,0.4943263530731201,0.018546253442764282,-0.4935556948184967,0.44769564247175353,-15.388091176023726,-8.564278962462982,0,0.2785331636497373,0,0,7.029317098235255,5.412349586820117
0.045325931161642075,0.4193629324436188,-0.04341578483581543,-0.4155815541744232,0.4751033497861812,-13.951025390058437,-7.036618763047907,0,-0.35924598418426157,0,0,7.074232862441232,5.412349586820117
-0.041432157158851624,0.32458171248435974,0.05295804142951965,-0.3915821313858032,-0.8146551084353248,-12.979719348323544,-5.499130224440606,0,-0.9200817064579399,0,0,7.119148626647208,5.412349586820117
0.1176033765077591,0.5956168174743652,0.09217852354049683,-0.5592401027679443,0.5878055802490589,-14.898911243432021,-8.260581686961382,0,0.17212524712005287,0,0,7.164064390853183,5.412349586820117
0.28272545337677,-0.2418762743473053,-0.2572094202041626,0.25278887152671814,0.14578080012939232,-15.266816935911812,-8.288745782218168,0,0.3876690311616314,0,0,6.5352436919695185,5.457265351026093
0.22705262899398804,0.7002476453781128,0.16453337669372559,-0.6322486400604248,0.09131302871602287,-14.017379905186305,-7.1114573293182675,0,-0.16801518351218164,0,0,6.580159456175495,5.457265351026093
0.21614627540111542,0.6172178983688354,0.17925935983657837,-0.5425764918327332,0.025053835867960395,-13.95215192517109,-7.133085678340134,0,-0.12189933331813074,0,0,6.625075220381471,5.457265351026093
0.1026221290230751,0.5752894282341003,0.16555389761924744,-0.5166395902633667,-0.36038862711178066,-14.821413342353548,-7.988467310191313,0,0.20318515918458652,0,0,6.6699909845874465,5.457265351026093
-0.07165108621120453,0.19678714871406555,-0.16589459776878357,-0.23125794529914856,-0.561762793777083,-16.172849087366956,-8.992836113543497,0,0.5984647790159178,0,0,6.714906748793423,5.457265351026093
0.0853966623544693,0.31900522112846375,-0.06854242086410522,-0.29164162278175354,-0.4106404390227798,-14.849999498873068,-8.0596095245768,0,0.13244416981547807,0,0,6.759822512999399,5.457265351026093
0.15006564557552338,0.4135562777519226,-0.137434720993042,-0.38867703080177307,-0.5337990533016326,-15.23040399233837,-7.390414637231684,0,-0.08899678591053496,0,0,6.8047382772053755,5.457265351026093
0.17996011674404144,0.41184571385383606,-0.13044646382331848,-0.3334774076938629,-0.3409416850589899,-14.795157824286672,-6.938696143667931,0,-0.2529659653587916,0,0,6.849654041411351,5.457265351026093
0.025891423225402832,0.27477386593818665,-0.13379457592964172,-0.27426159381866455,-0.5301375099946499,-15.353091895367545,-7.060380886725815,0,-0.2199965683885693,0,0,6.894569805617327,5.457265351026093
0.022222235798835754,0.3733493387699127,0.00913742184638977,-0.3423019349575043,-0.14214095196562404,-15.893706617520152,-9.090669951649442,0,0.47695794142954595,0,0,6.939485569823304,5.457265351026093
-0.05124802514910698,0.15035584568977356,-0.15330907702445984,-0.16830936074256897,0.3885818487182524,-16.337135467396266,-6.72868361249026,0,-0.6674719533833544,0,0,6.984401334029279,5.457265351026093
-0.06391818821430206,0.1960396021604538,-0.12444852292537689,-0.2606399655342102,-0.6494829039010463,-13.77452746088765,-5.724279032124391,0,-0.834562600276953,0,0,7.029317098235255,5.457265351026093
-0.020191267132759094,0.2832190990447998,0.015468001365661621,-0.30603060126304626,0.5092161917605429,-13.65199394006978,-6.152214262350547,0,-0.6462687481012664,0,0,7.074232862441232,5.457265351026093
0.14557890594005585,0.5009074211120605,0.008221238851547241,-0.3963697850704193,-0.33287690156327976,-13.426577890417883,-6.361918908957684,0,-0.6252317700479433,0,0,7.119148626647208,5.457265351026093
0.08906212449073792,0.3824155926704407,-0.0973186194896698,-0.3778047263622284,-0.013114235654175133,-14.240188377114617,-7.19620067952054,0,-0.30152459517000024,0,0,7.164064390853183,5.457265351026093
0.23786108195781708,-0.17929911613464355,-0.01778365671634674,0.15413692593574524,1.5291449312722936,-22.931839971113668,-15.383304511042551,1,3.0205768175443932,1,0,6.5352436919695185,5.502181115232069
0.19698978960514069,0.4444444477558136,-0.044927775859832764,-0.39775434136390686,0.007085447492973351,-13.511767457178706,-7.228189440059558,0,-0.11398738434781122,0,0,6.580159456175495,5.502181115232069
0.09787886589765549,0.32119718194007874,-0.12329211831092834,-0.290925532579422,-0.15768603632746458,-14.449383208580603,-7.255598770026394,0,-0.06268527719266542,0,0,6.625075220381471,5.502181115232069
0.20162762701511383,0.690723180770874,0.10828280448913574,-0.6050860285758972,-0.15671789115404255,-13.932315813611197,-7.077614989226085,0,-0.14466116713225513,0,0,6.6699909845874465,5.502181115232069
0.012214532122015953,0.3756694793701172,0.007694125175476074,-0.3948797583580017,-0.6395945165299626,-15.938396622792773,-8.480776848543234,0,0.4173267830410743,0,0,6.714906748793423,5.502181115232069
-0.018062405288219452,0.29999998211860657,0.0011095404624938965,-0.3034001588821411,-0.6317502466270817,-14.888082196724227,-7.135255559658843,0,-0.23656662907379183,0,0,6.759822512999399,5.502181115232069
-0.05673908442258835,0.4384479522705078,0.11640360951423645,-0.46164873242378235,-0.4834909093347157,-15.802964260260927,-8.445827267183173,0,0.34562467034137523,0,0,6.8047382772053755,5.502181115232069
0.12022630870342255,0.39900070428848267,-0.11694937944412231,-0.35327962040901184,-0.4230316243575878,-15.12173633361277,-8.388365329037573,0,0.34052292948605933,0,0,6.849654041411351,5.502181115232069
0.08837548643350601,0.3394216001033783,-0.07669931650161743,-0.3170366585254669,-0.10359653254941037,-14.95845635519181,-8.191410944191976,0,0.220890502702897,0,0,6.894569805617327,5.502181115232069
0.05033288896083832,0.31808510422706604,-0.03346702456474304,-0.24397589266300201,0.0630289149490153,-16.435226098241543,-9.202754982438204,0,0.5586650816778237,0,0,6.939485569823304,5.502181115232069
-0.005171590019017458,0.2609615921974182,-0.041334718465805054,-0.2966417968273163,-0.45488052924396793,-15.474002679278216,-7.741128347309958,0,-0.09081561948835865,0,0,6.984401334029279,5.502181115232069
-0.04452274367213249,0.1853713095188141,-0.005922377109527588,-0.24406680464744568,0.014580246395183849,-12.045534264472014,-3.76138366391118,0,-1.579016353029622,0,0,7.029317098235255,5.502181115232069
-0.037170540541410446,0.23490320146083832,-0.043836966156959534,-0.28079113364219666,0.4105202400225587,-11.443345653037913,-3.0228235073864322,0,-2.016681490471778,0,0,7.074232862441232,5.502181115232069
0.12089970707893372,0.40981701016426086,-0.05919069051742554,-0.39202752709388733,0.5679657896386168,-14.928418653121597,-7.753221148401632,0,-0.013056883995317374,0,0,7.119148626647208,5.502181115232069
0.09138257056474686,0.5234633088111877,0.005415856838226318,-0.49481192231178284,0.10311452660608733,-14.860637790621134,-7.567538484112163,0,-0.17337218369098864,0,0,7.164064390853183,5.502181115232069
0.1267404556274414,-0.2046370804309845,-0.0033125728368759155,0.20182092487812042,0.8129312085595748,-16.955905519106917,-7.487446553551423,0,-0.13526012259252607,0,0,6.5352436919695185,5.547096879438045
0.06671422719955444,0.10455764830112457,0.004202693700790405,-0.14087921380996704,-0.43136154328015053,-16.225742434421868,-8.525979569424415,0,0.45390039909035024,0,0,6.580159456175495,5.547096879438045
0.07232674211263657,0.4743216633796692,0.05199006199836731,-0.4348403513431549,-0.1969604905424287,-14.353458618593606,-7.802274825805064,0,0.0973068005548205,0,0,6.625075220381471,5.547096879438045
0.1503215879201889,0.5907384157180786,0.18309953808784485,-0.5224266052246094,-0.09638200209516956,-14.052509492445058,-7.313003415467226,0,-0.1282436511452451,0,0,6.6699909845874465,5.547096879438045
-0.07658365368843079,0.2587973177433014,-0.04208424687385559,-0.27239978313446045,-0.4849118061226818,-15.720098136642896,-9.342005138056578,0,0.6977815052410608,0,0,6.714906748793423,5.547096879438045
0.009187290444970131,0.2846975028514862,-0.02958822250366211,-0.2833925783634186,-0.029992643371464567,-13.743357146979662,-6.1802107161515325,0,-0.5903592683348866,0,0,6.759822512999399,5.547096879438045
0.05734120309352875,0.47091108560562134,0.10115250945091248,-0.50055992603302,-0.10700912022348952,-15.75281742370519,-8.503087136857259,0,0.4522767997693796,0,0,6.8047382772053755,5.547096879438045
0.02156134322285652,0.4552640914916992,-6.923079490661621e-05,-0.4474516808986664,0.005575720821701324,-15.092583995925562,-7.966813675720928,0,0.18592263809567391,0,0,6.849654041411351,5.547096879438045
0.04217730090022087,0.30335476994514465,-0.07488358020782471,-0.2836555540561676,0.18692960655056812,-10.726103617258683,-3.358644173080574,0,-1.63407531720342,0,0,6.894569805617327,5.547096879438045
-0.06708268821239471,0.16979655623435974,-0.09064504504203796,-0.20613150298595428,0.17666091344862878,-16.339818405955764,-8.888970912888428,0,0.4045287918837541,0,0,6.939485569823304,5.547096879438045
-0.010796050541102886,0.17597390711307526,-0.10807769000530243,-0.17778204381465912,0.783415000579649,-13.182055291536383,-5.272486191326658,0,-0.941285185736563,0,0,6.984401334029279,5.547096879438045
-0.004330974537879229,0.29498961567878723,-0.08284413814544678,-0.321633905172348,0.36867208693972486,-13.236923363129234,-5.274557586864995,0,-1.0455250906031435,0,0,7.029317098235255,5.547096879438045
0.0029093967750668526,0.3659779131412506,0.012579858303070068,-0.38439473509788513,-0.26292124439773534,-13.97965986018151,-6.264021741339367,0,-0.6835140942501625,0,0,7.074232862441232,5.547096879438045
0.08631699532270432,0.38799145817756653,-0.04074254631996155,-0.374170184135437,-0.1868653553037225,-14.363130466114518,-6.597858824790341,0,-0.27702624548785704,0,0,7.119148626647208,5.547096879438045
0.11393171548843384,0.5559307932853699,0.05699840188026428,-0.5303831100463867,0.2027820449611326,-13.432368777535252,-6.2191770560140895,0,-0.6163561929151379,0,0,7.164064390853183,5.547096879438045
0.21543698012828827,0.49584662914276123,-0.0921635627746582,-0.42223572731018066,0.21846305046071368,-13.716473796794851,-7.2412529958972325,0,-0.09482847689201476,0,0,6.5352436919695185,5.592012643644021
0.0033467344474047422,-0.040128421038389206,-0.050299592316150665,-0.0023403686936944723,0.179533171704243,-16.024348231838584,-8.956809327956247,0,0.5994491986969157,0,0,6.580159456175495,5.592012643644021
0.15809893608093262,0.5625,0.08429104089736938,-0.4858574867248535,0.03037762817376155,-13.88340922047659,-7.143209239031429,0,-0.132572879216486,0,0,6.625075220381471,5.592012643644021
0.2053067982196808,0.6167547106742859,0.0812528133392334,-0.5551966428756714,-0.1499651668652877,-14.052932947571067,-7.0726729325495,0,-0.24353821978476775,0,0,6.6699909845874465,5.592012643644021
0.07594085484743118,0.48029449582099915,0.050197094678878784,-0.45014849305152893,-0.4350801484595044,-14.541388381875377,-7.780412407534065,0,0.13723996574613184,0,0,6.714906748793423,5.592012643644021
0.05292309448122978,0.31191036105155945,-0.09070539474487305,-0.2883613109588623,-0.103551741931172,-15.353215774411279,-8.275468449273173,0,0.26184446730688277,0,0,6.759822512999399,5.592012643644021
0.3094651997089386,0.7163323760032654,0.124359130859375,-0.6189188957214355,-0.14384450163020368,-13.952083016672539,-6.580093905107429,0,-0.4084257317994705,0,0,6.8047382772053755,5.592012643644021
0.10662823915481567,0.6226603388786316,0.22719433903694153,-0.5488327741622925,-0.21978753446431298,-14.866270750832353,-8.241978605177762,0,0.21714455963310886,0,0,6.849654041411351,5.592012643644021
0.0486656054854393,0.5066252946853638,0.0785677433013916,-0.49190396070480347,-0.34823424855174423,-15.582804996974572,-8.764753777299983,0,0.43994454353486206,0,0,6.894569805617327,5.592012643644021
0.04601356014609337,0.3790455162525177,-0.07533347606658936,-0.3801811635494232,-0.5519105266378119,-16.192262189004477,-9.612433496761788,0,0.5269629645316054,0,0,6.939485569823304,5.592012643644021
0.1138354018330574,0.3410648703575134,-0.21130633354187012,-0.3062901496887207,-0.16776254412242864,-15.010547211954995,-7.405945926024278,0,-0.2537252701132802,0,0,6.984401334029279,5.592012643644021
0.047008536756038666,0.31482648849487305,-0.09376949071884155,-0.3312040865421295,-0.10894213466985292,-14.193788692034273,-6.098630806553519,0,-0.7656902651215395,0,0,7.029317098235255,5.592012643644021
0.06610801070928574,0.4425727427005768,-0.0239579975605011,-0.4375363290309906,-0.5252792542402682,-13.900136643889462,-6.329084994077085,0,-0.6591851470321929,0,0,7.074232862441232,5.592012643644021
0.07425500452518463,0.3998929262161255,-0.015471220016479492,-0.4108443558216095,-0.06706141531440757,-14.27888080239587,-5.882298431599709,0,-0.817303328219465,0,0,7.119148626647208,5.592012643644021
0.07809162139892578,0.35460782051086426,-0.11339631676673889,-0.35178571939468384,0.2062108210693081,-14.049516739627903,-6.7201025959383,0,-0.45197685976820734,0,0,7.164064390853183,5.592012643644021
0.2063843458890915,0.5787599086761475,0.09199711680412292,-0.5247007608413696,0.039368098774587246,-14.123408201559428,-7.742018859930125,0,0.09419532443987824,0,0,6.5352436919695185,5.6369284078499975
0.19800405204296112,0.6553119421005249,0.15834224224090576,-0.5766927599906921,-0.09408111008955089,-14.256098527727218,-7.335410741030923,0,-0.09787050083080348,0,0,6.580159456175495,5.6369284078499975
-0.1616574376821518,0.03936723247170448,0.06617841124534607,-0.1359202116727829,-0.20267466238114196,-23.75426644229635,-15.264424691748445,1,3.1198480910662667,1,0,6.625075220381471,5.6369284078499975
0.049453623592853546,0.5605708360671997,0.042357802391052246,-0.5167741775512695,0.21545459271607115,-14.208033945248697,-7.1758147248242015,0,-0.11813353860383685,0,0,6.6699909845874465,5.6369284078499975
0.16034527122974396,0.48740342259407043,-0.07222959399223328,-0.4119897782802582,-0.14551522635329217,-14.107278091737125,-7.377714067782816,0,-0.07733106183705692,0,0,6.714906748793423,5.6369284078499975
0.14362351596355438,0.45668578147888184,0.03855547308921814,-0.410234659910202,-0.36802967805853903,-14.926395518532594,-7.684393876624003,0,0.007210690318386287,0,0,6.759822512999399,5.6369284078499975
0.26721182465553284,0.4539951682090759,-0.12916845083236694,-0.3981373608112335,0.07404229844549892,-13.30020535526958,-5.901566095315726,0,-0.6035964059934651,0,0,6.8047382772053755,5.6369284078499975
0.010643011890351772,0.5163934230804443,0.18411409854888916,-0.5114504098892212,2.830617750336355,-12.116932278934323,-4.025322254451277,0,-1.3226881698601245,0,0,6.849654041411351,5.6369284078499975
0.10834714770317078,0.3807886838912964,-0.04360777139663696,-0.35907644033432007,0.4731804487564695,-13.76890065071992,-6.8618080034668925,0,-0.44404816655536317,0,0,6.894569805617327,5.6369284078499975
0.0026121994014829397,0.3877430558204651,0.005303770303726196,-0.42597636580467224,-0.8739304482899772,-16.10331203375229,-8.793219715910084,0,0.45829213614135583,0,0,6.939485569823304,5.6369284078499975
0.0828571543097496,0.5424836277961731,0.051182299852371216,-0.5577517151832581,0.1834382826217853,-14.897977133150926,-7.483635279095599,0,-0.11886940433596879,0,0,6.984401334029279,5.6369284078499975
0.05317961424589157,0.3188142776489258,-0.0368904173374176,-0.33824431896209717,0.15015049890700816,-13.904173993890055,-5.689236479144226,0,-0.8568591908894856,0,0,7.029317098235255,5.6369284078499975
0.1222301498055458,0.4009518027305603,-0.1301255226135254,-0.3832598924636841,0.2534091085426047,-14.411578417342954,-6.128597642479078,0,-0.6917571101702602,0,0,7.074232862441232,5.6369284078499975
0.07758007198572159,0.5835402607917786,0.13302931189537048,-0.5852272510528564,-0.05880227941347105,-14.757012031711401,-6.5855373101659085,0,-0.49127360252691704,0,0,7.119148626647208,5.6369284078499975
0.1318006068468094,0.39119085669517517,-0.10251447558403015,-0.37592771649360657,-0.12174854686611614,-14.796430539572254,-7.464191082321495,0,-0.12588556730446332,0,0,7.164064390853183,5.6369284078499975
-0.0013685493031516671,0.353092223405838,-0.0501554012298584,-0.3626925051212311,0.09298467203505112,-14.673934763797453,-8.65052106013636,0,0.5708318652993818,0,0,6.5352436919695185,5.681844172055973
0.2214169055223465,0.5787814855575562,0.016489684581756592,-0.5034664869308472,-0.13458833406905946,-14.041684554145133,-7.248355883570657,0,-0.09017205226006056,0,0,6.580159456175495,5.681844172055973
0.0008280412876047194,-0.0547979362308979,-0.0371827594935894,0.0230651143938303,0.3380308165791224,-17.471468635514665,-10.285583656330076,0,1.1493875798646647,0,0,6.625075220381471,5.681844172055973
0.22220191359519958,0.5673144459724426,0.03824281692504883,-0.4951976537704468,-0.11399529634203276,-14.047412531244053,-7.149885692662526,0,-0.1882199224307074,0,0,6.6699909845874465,5.681844172055973
0.16493384540081024,0.4339732527732849,-0.0722808837890625,-0.3918690085411072,-0.15167286653110068,-14.05332400200722,-7.3516723292092,0,-0.14045416204338834,0,0,6.714906748793423,5.681844172055973
0.049247242510318756,0.38991597294807434,-0.0767989456653595,-0.3483695685863495,-0.2571505765671471,-14.728769990556037,-8.181837233145608,0,0.19370223447985113,0,0,6.759822512999399,5.681844172055973
0.1473180502653122,0.6230851411819458,0.2053455114364624,-0.5656357407569885,-0.6131411806112386,-16.032097364328457,-8.807037074724875,0,0.41241503838601284,0,0,6.8047382772053755,5.681844172055973
0.06330975890159607,0.2001836746931076,-0.15265090763568878,-0.19988441467285156,-0.3977663228314263,-14.512509691776422,-6.2285111340693495,0,-0.5730907021675017,0,0,6.849654041411351,5.681844172055973
0.055673614144325256,0.48963093757629395,0.016640156507492065,-0.47768479585647583,-0.6176294209794504,-15.588721807149259,-8.336434799371279,0,0.28281154179274237,0,0,6.894569805617327,5.681844172055973
0.055609021335840225,0.23225517570972443,-0.14245130121707916,-0.228602796792984,-0.1820397412239494,-11.85707206537938,-4.902816903632054,0,-1.101865929511896,0,0,6.939485569823304,5.681844172055973
0.12209304422140121,0.4194892942905426,-0.08647599816322327,-0.38944146037101746,-0.2301749500932786,-15.057452456382789,-8.331712077582576,0,0.13449520720204794,0,0,6.984401334029279,5.681844172055973
0.028342003002762794,0.2958333492279053,-0.06585663557052612,-0.3169994056224823,-0.09254694929192153,-11.940318973092825,-3.9456676645065625,0,-1.5588913007680794,0,0,7.029317098235255,5.681844172055973
0.07338445633649826,0.5341265201568604,0.08645015954971313,-0.5379786491394043,-1.4873456065258157,-13.535297635012814,-5.93711654420038,0,-0.7345485375345898,0,0,7.074232862441232,5.681844172055973
0.1026497557759285,0.4947177767753601,-0.008232593536376953,-0.47556614875793457,-0.156834018851578,-14.042807400635667,-6.263157767896224,0,-0.6695367548296807,0,0,7.119148626647208,5.681844172055973
0.1156017929315567,0.6051264405250549,0.10512644052505493,-0.5756791830062866,0.39684889455409866,-13.606918800660011,-4.714873246322641,0,-1.2334434076697711,0,0,7.164064390853183,5.681844172055973
-0.005003966856747866,0.47693508863449097,0.046596795320510864,-0.4559485614299774,-0.5256722331833217,-15.13331725544732,-8.68244070422497,0,0.5958103578366767,0,0,6.5352436919695185,5.726759936261949
0.21674765646457672,0.44823789596557617,-0.10295605659484863,-0.39337751269340515,-0.025252844832440502,-14.02353507297764,-7.39114684910407,0,-0.035371078673883366,0,0,6.580159456175495,5.726759936261949
-0.09418690949678421,0.36875542998313904,0.06038308143615723,-0.4145031273365021,-0.3151816921905066,-18.65722692645706,-11.826304556944269,1,1.7536204212516053,1,0,6.625075220381471,5.726759936261949
0.14858874678611755,0.4825598895549774,-0.009048789739608765,-0.43066954612731934,0.21452231061069238,-13.959804363440366,-6.7044139762827655,0,-0.301650501639743,0,0,6.6699909845874465,5.726759936261949
0.23877684772014618,0.5989583134651184,0.01863276958465576,-0.49210208654403687,-0.12442785445363569,-13.819842017413142,-7.204255099006547,0,-0.17858655095141218,0,0,6.714906748793423,5.726759936261949
0.19909705221652985,0.5786032676696777,0.056175827980041504,-0.5069503784179688,-0.28622637173952903,-14.35227135239797,-7.476926913973026,0,-0.0525548245165591,0,0,6.759822512999399,5.726759936261949
0.07091108709573746,0.5098970532417297,0.03609120845794678,-0.4703161120414734,1.3851224294991953,-15.605634632556361,-4.242580301587383,0,-1.3376832485680463,0,0,6.8047382772053755,5.726759936261949
-0.014950620010495186,0.3338426351547241,0.008091956377029419,-0.339984655380249,-0.2252407321836003,-15.72897363371423,-8.541964250868276,0,0.35713709725350445,0,0,6.849654041411351,5.726759936261949
-0.046160124242305756,0.19832168519496918,-0.07133765518665314,-0.2537313401699066,0.28351209908664154,-11.983813320170633,-3.7656204889153755,0,-1.5485719323537575,0,0,6.894569805617327,5.726759936261949
0.05563618242740631,0.4536944031715393,0.06651842594146729,-0.47759562730789185,-0.3601714655724786,-12.253790278407813,-5.443192289839884,0,-0.8645609429576728,0,0,6.939485569823304,5.726759936261949
0.0763915479183197,0.10596896708011627,-0.3207065463066101,-0.10867480933666229,0.12762951819406076,-13.946535606354058,-5.720890988686845,0,-0.7302508942173749,0,0,6.984401334029279,5.726759936261949
0.11731353402137756,0.3613177239894867,-0.13774418830871582,-0.3424154818058014,0.2291716368271537,-14.694282529750089,-8.018780217754587,0,0.0816893798485799,0,0,7.029317098235255,5.726759936261949
0.05792045593261719,0.5258764624595642,0.09605780243873596,-0.5258764624595642,0.28194869312500526,-13.691019449683422,-5.394088148241836,0,-0.9625412259423867,0,0,7.074232862441232,5.726759936261949
0.03575008735060692,0.4065335690975189,0.02068483829498291,-0.3957676887512207,0.16999470454394228,-13.550691961646923,-6.440897934474304,0,-0.5746829244323373,0,0,7.119148626647208,5.726759936261949
0.06585569679737091,0.5611664652824402,0.10172542929649353,-0.5589488744735718,0.14515668888671485,-13.842982759790845,-6.127417138195002,0,-0.7484937937846278,0,0,7.164064390853183,5.726759936261949
0.14600372314453125,0.5070943832397461,-0.055539608001708984,-0.4677489101886749,-0.2935088303926747,-14.72043910277031,-8.315210713633443,0,0.35140098485024046,0,0,6.5352436919695185,5.7716757004679256
0.14922432601451874,0.4933150112628937,0.007421582937240601,-0.43382567167282104,-0.22697431555224146,-14.102176246337585,-7.46563547496384,0,-0.08506438222851478,0,0,6.580159456175495,5.7716757004679256
0.055764246731996536,0.40348517894744873,-0.009938061237335205,-0.41109633445739746,-0.3748653464299716,-14.28374457416934,-7.754519104241687,0,0.05645820516626566,0,0,6.625075220381471,5.7716757004679256
0.20510362088680267,0.6159795522689819,0.07408010959625244,-0.5591544508934021,-0.11444679575885708,-14.098382008192116,-7.282441376578177,0,-0.06958449196389296,0,0,6.6699909845874465,5.7716757004679256
0.132374107837677,0.48430609703063965,-0.038011372089385986,-0.40107738971710205,-0.11788276280770837,-13.965247497795644,-7.340521002314826,0,-0.029752620344498125,0,0,6.714906748793423,5.7716757004679256
0.011738664470613003,0.47526100277900696,0.018850743770599365,-0.44188109040260315,-0.6608137221618753,-14.701215604755305,-8.34499472838245,0,0.23380872014353363,0,0,6.759822512999399,5.7716757004679256
0.040295880287885666,0.35119447112083435,0.0003364980220794678,-0.33893805742263794,-0.581500923361185,-15.644369651280268,-8.62743899301661,0,0.3441424403175407,0,0,6.8047382772053755,5.7716757004679256
0.009651709347963333,0.1651117354631424,-0.19702817499637604,-0.16847290098667145,-0.6633355512026,-14.578529721765806,-6.210908633343816,0,-0.56413745506419,0,0,6.849654041411351,5.7716757004679256
0.03954494744539261,0.32109540700912476,-0.05157870054244995,-0.3251231610774994,0.024204435509854072,-13.954976327497672,-5.885323957760102,0,-0.6948563710387701,0,0,6.894569805617327,5.7716757004679256
0.06093491241335869,0.4660983979701996,0.09153670072555542,-0.5160256624221802,-0.1124207822675638,-12.187126699375758,-5.007822031699359,0,-1.0479565822928911,0,0,6.939485569823304,5.7716757004679256
0.06541219353675842,0.2958051264286041,-0.1351712942123413,-0.3007335066795349,-0.06090154531412928,-13.472373680962606,-5.082993376865195,0,-1.1134338269732786,0,0,6.984401334029279,5.7716757004679256
0.0800376608967781,0.44945913553237915,0.03784877061843872,-0.44676098227500916,0.5920951319064027,-13.13002062434723,-4.100806459843087,0,-1.3509097522355342,0,0,7.029317098235255,5.7716757004679256
0.053620535880327225,0.3456248342990875,-0.09648042917251587,-0.3547436594963074,0.029113358103548315,-13.284879809627114,-4.687017467261626,0,-1.2704289196298109,0,0,7.074232862441232,5.7716757004679256
0.19877362251281738,0.6971105933189392,0.10861653089523315,-0.640010416507721,-0.006763015166631803,-13.894776398822614,-7.3894567607883825,0,-0.22578862308047778,0,0,7.119148626647208,5.7716757004679256
0.09995285421609879,0.6095700263977051,0.05519741773605347,-0.5644834637641907,-0.046906270066869205,-13.737854773464345,-6.4652919188879165,0,-0.597942277511743,0,0,7.164064390853183,5.7716757004679256
