VV,VH,dark_spot_mask,dark_spot_magnitude,SAR_change_dB,new_spill_mask,chronic_spill_mask,NDVI,NDWI,NDMI,NDVI_change,lat,lon,risk_label,iso_anomaly,iso_score,iso_score_norm,xgb_prob_low,xgb_prob_medium,xgb_prob_high,xgb_pred,combined_risk_score,risk_tier
-7.539930708168772,-14.507044468042253,0,-0.0037263098897752,-0.1204849539092878,0,0,0.5513246059417725,-0.5461148023605347,0.043617095798254,0.0848889052867889,5.008107708966333,6.535243691969519,0,0,-0.35573459446246747,0.0,0.99850875,0.00090291013,0.0005883389,0,0.00033861579140648246,LOW
-7.503935198066922,-14.351198197991746,0,-0.0196255536630833,-0.4845303464413586,0,0,0.4854592084884643,-0.4444127976894378,0.0060247923247516,-0.0192959904670715,5.008107708966333,6.580159456175495,0,0,-0.375950855284601,0.046046872579117104,0.993651,0.0056932587,0.0006557771,0,0.018807729176281686,LOW
-7.544350511288536,-14.282632229220576,0,-0.0012957439494027,-0.5649916275957265,0,0,0.5905954241752625,-0.5751877427101135,0.1185172200202941,0.0997955799102783,5.008107708966333,6.625075220381471,1,0,-0.37846004725863347,0.051762095790835794,0.025687309,0.9725461,0.0017665252,1,0.02192334945723964,LOW
-7.131256441106093,-14.23912880557577,0,-0.2055424238467341,0.047528391480422,0,0,0.5550357103347778,-0.5040603876113892,0.1502013206481933,0.0593407452106475,5.008107708966333,6.669990984587447,0,0,-0.36239272057702265,0.015165311108221946,0.99868804,0.0008416306,0.0004703423,0,0.006316617794193214,LOW
-7.480251850903823,-14.673740186199158,0,0.0149368681575533,-0.0970888059363588,0,0,0.6435364484786987,-0.5963051915168762,0.0887446105480194,0.1228377819061279,5.008107708966333,6.714906748793423,0,0,-0.36242077158878305,0.015229203307457584,0.99865854,0.0008711355,0.00047028446,0,0.006342131512906902,LOW
-6.196363784020214,-13.450718078975267,0,-0.5781628003126629,0.0212421978460923,0,0,0.6700000166893005,-0.6033973097801208,0.2059226632118225,0.0550203919410705,5.008107708966333,6.759822512999399,0,0,-0.41885388875418245,0.14376773860932324,0.99845314,0.0010250073,0.00052182307,0,0.05779603579867816,LOW
-6.883132025518936,-14.298391401769148,0,-0.3264888293131945,-0.1591665699060955,0,0,0.5771915912628174,-0.5536874532699585,0.0516746304929256,0.0501586198806762,5.008107708966333,6.804738277205376,0,0,-0.3638368585413366,0.018454645244464718,0.997592,0.0016825119,0.00072550366,0,0.00782291154346968,LOW
-8.07228564429625,-15.01895600033454,0,0.1207870226526318,0.0028625968707078,0,0,0.708135724067688,-0.66313236951828,0.1311911046504974,0.1160318255424499,5.008107708966333,6.849654041411351,0,0,-0.38524246435318993,0.06721050627975966,0.9987552,0.0007976949,0.00044713184,0,0.027117361810563168,LOW
-8.096185334796393,-15.071094297671488,0,0.0055086049120711,-0.6033710150002598,0,0,0.5643712878227234,-0.5792966485023499,0.0103940200060606,0.0690682828426361,5.008107708966333,6.894569805617327,1,0,-0.3919577380982163,0.08250598338067727,0.013230564,0.9842516,0.0025178774,1,0.03478203076816429,LOW
-7.730623099889414,-14.247489139915162,0,-0.0528937352433082,0.4687717957645425,0,0,0.7134608626365662,-0.645171046257019,0.14189513027668,0.1575713157653808,5.008107708966333,6.939485569823304,0,0,-0.4030454988560929,0.10776073802089747,0.9987649,0.00078342337,0.0004517791,0,0.043340925182456004,LOW
-7.568903344426314,-14.11644836464778,0,-0.086582474766903,0.3534252349697047,0,0,0.6523852944374084,-0.5919203758239746,0.0862964391708374,0.1571828126907348,5.008107708966333,6.984401334029279,0,0,-0.37928297995206783,0.053636501607478015,0.99878174,0.00076649536,0.00045178673,0,0.021691236306887074,LOW
-5.857617044436539,-13.22400446922725,0,-0.8373249944956748,0.3558767668768769,0,0,0.5340985655784607,-0.5205047130584717,0.0245772302150726,0.112765371799469,5.008107708966333,7.029317098235255,0,0,-0.4174476392862561,0.1405647036547505,0.998145,0.001173462,0.0006816101,0,0.056634154244706504,LOW
-6.116980369188802,-13.620948842352314,0,-0.6636882088138051,0.028987758265103,0,0,0.4347275197505951,-0.4908692538738251,-0.0100568365305662,0.0112850666046142,5.008107708966333,7.074232862441232,0,0,-0.40293302035879225,0.1075045441045911,0.9988115,0.00091679336,0.0002717377,0,0.043103988748682515,LOW
-8.765814307072864,-15.50171590858471,0,0.2052367940546469,-0.4612978376229684,0,0,0.5118674635887146,-0.5261121988296509,0.0676360502839088,0.0211531817913055,5.008107708966333,7.119148626647208,0,0,-0.3864000796662739,0.06984722358797979,0.9939792,0.004666183,0.0013546138,0,0.028849776173175593,LOW
-9.179598402600954,-16.098159270446605,0,0.6217913758396056,-0.6225531185720268,0,0,0.4712643623352051,-0.523347020149231,0.0871369391679763,0.0323565006256103,5.008107708966333,7.164064390853183,1,0,-0.43577418962145814,0.1823073550542571,0.014092646,0.9827015,0.0032058656,1,0.07521638416483016,LOW
-6.93913586472492,-14.235093886427002,0,-0.2361486668651474,-0.5697686363513093,0,0,0.5396219491958618,-0.4783605635166168,0.0775098428130149,-0.0359147191047668,5.053023473172308,6.535243691969519,1,0,-0.381136852384379,0.05785909392658328,0.05345431,0.94575614,0.000789614,1,0.023632570047943613,LOW
-7.544742163866802,-14.413078261777873,0,0.0203639486137243,-0.4775621492514439,0,0,0.5299108028411865,-0.453043133020401,0.1552899032831192,-0.0359311699867248,5.053023473172308,6.580159456175495,0,0,-0.3824161791078529,0.06077303509212095,0.996058,0.0035935915,0.00034846878,0,0.024468689596333526,LOW
-7.779715281118732,-14.448182703547207,0,0.0031101129473623,-0.4226843628359189,0,0,0.581605851650238,-0.559861958026886,0.0395351760089397,0.1012705862522125,5.053023473172308,6.625075220381471,0,0,-0.36843428984691245,0.028926281685132338,0.99458283,0.00377633,0.0016407807,0,0.012695115067300124,LOW
-7.5589615549647,-14.466620130925376,0,0.0489010585991928,0.0714239525526432,0,0,0.5430442690849304,-0.4869654178619385,0.1261846423149109,0.1053824126720428,5.053023473172308,6.669990984587447,0,0,-0.36273017767183463,0.015933942062404838,0.9987275,0.0008049808,0.00046756028,0,0.006621992511617725,LOW
-6.125423301736493,-14.665543549856176,0,-0.6019374008521361,-0.6276395333412896,0,0,0.6209150552749634,-0.5696202516555786,0.1323039829730987,0.0462552309036254,5.053023473172308,6.714906748793423,1,0,-0.41230905893941666,0.12886048413808215,0.04240664,0.9561537,0.0014396812,1,0.05251861044622861,LOW
-7.535690286247734,-14.93109926540438,0,0.0488805543508106,-0.2381407085593068,0,0,0.5985130071640015,-0.5670554041862488,0.1133866235613823,0.0852835774421691,5.053023473172308,6.759822512999399,0,0,-0.36157716502745824,0.013307708319932443,0.9970251,0.0019355585,0.0010394283,0,0.005998582592589497,LOW
-7.800543343855447,-14.64903735683826,0,0.1192234843911333,-0.1559626556625506,0,0,0.667961835861206,-0.5968483090400696,0.0690109953284263,0.271961897611618,5.053023473172308,6.804738277205376,0,0,-0.43657984952348855,0.18414241838161005,0.99759454,0.0015559886,0.00084947125,0,0.07419060255683628,LOW
-8.111542707570155,-14.858218640029763,0,0.0682705719799058,0.0618462915597071,0,0,0.7336357831954956,-0.6553217768669128,0.1468381732702255,0.1755111813545227,5.053023473172308,6.849654041411351,0,0,-0.4011774807556493,0.10350592590685714,0.99864,0.0008058543,0.0005540858,0,0.04171540522595407,LOW
-8.26555328223434,-15.117851768932203,0,0.2024363319549156,0.2767809538651633,0,0,0.5813614726066589,-0.5938421487808228,0.0132960025221109,0.1282697319984436,5.053023473172308,6.894569805617327,0,0,-0.39206894758090627,0.08275928684386802,0.9977957,0.00094545947,0.0012588485,0,0.03394308178077417,LOW
-8.55457734808761,-15.050819553226129,0,0.3154278808441951,0.0272445604520417,0,0,0.5479233264923096,-0.5650730133056641,-0.0353409610688686,0.1431289613246917,5.053023473172308,6.939485569823304,0,0,-0.402661740518352,0.10688664604936027,0.9963651,0.0014117386,0.0022231357,0,0.04431417623172793,LOW
-8.762665120456104,-14.880863395565685,0,0.4695009456231723,0.2904323548263985,0,0,0.5127688050270081,-0.5518786311149597,0.011757974512875,0.1894962191581726,5.053023473172308,6.984401334029279,0,0,-0.4200968972687894,0.1465989572600146,0.99636203,0.0011244994,0.0025134333,0,0.06041590131907393,LOW
-9.26749617666196,-16.31631944785986,0,0.6284551707970116,0.5870617158714673,0,0,0.4164948463439941,-0.4382414519786834,-0.0594825185835361,0.0392669141292572,5.053023473172308,7.029317098235255,0,0,-0.4687111262998016,0.2573282968455133,0.98818564,0.0030356378,0.008778768,0,0.10938672621612061,LOW
-8.309225135635733,-14.920139986196792,0,0.2125080881071696,0.0807693953925312,0,0,0.6271666884422302,-0.5778475403785706,0.0987854152917862,0.1291043758392334,5.053023473172308,7.074232862441232,0,0,-0.37784459836177325,0.05036027884842409,0.99818295,0.00091623486,0.00090079504,0,0.020716076488273408,LOW
-8.740416738948907,-15.232446562525649,0,0.2875086406724,0.0429580655213044,0,0,0.5857678055763245,-0.5679758191108704,0.0684473887085914,0.1027338802814483,5.053023473172308,7.119148626647208,0,0,-0.3801272229273315,0.05555944616432784,0.99647504,0.0013503236,0.002174656,0,0.023747090530550175,LOW
-5.8248227715406085,-14.772953662817155,0,-0.9925380047142216,-0.260921901473738,0,0,0.3796427547931671,-0.4358217716217041,0.026798915117979,-0.0309115052223205,5.053023473172308,7.164064390853183,0,0,-0.4111534781288917,0.12622840084605913,0.9970866,0.0021922102,0.00072122907,0,0.05092922144315231,LOW
-7.489439875977789,-14.314011497440738,0,-0.0313625746533936,-0.3314567714066001,0,0,0.5571437478065491,-0.4890093207359314,0.0998140126466751,0.1444557309150695,5.097939237378284,6.535243691969519,0,0,-0.36991425097234903,0.03229721075874292,0.99625224,0.0023543222,0.0013934909,0,0.013858805255575125,LOW
-6.665948182156446,-14.139282320824137,0,-0.3143596407357519,0.0171232840400454,0,0,0.5566967129707336,-0.4900597631931305,0.1093039661645889,0.0231943726539611,5.097939237378284,6.580159456175495,0,0,-0.36602723532545134,0.023443698441085625,0.9993272,0.0005046959,0.00016808965,0,0.009402243867606642,LOW
-4.386800336812486,-12.341188282113714,0,-1.230351419777385,0.5882257633690777,0,0,0.5011319518089294,-0.4630460739135742,0.0395227894186973,0.0392194688320159,5.097939237378284,6.625075220381471,0,0,-0.459132338776473,0.23551055258361475,0.99898356,0.00072490354,0.00029156386,0,0.09432119875769258,LOW
-7.194070796066251,-14.14743994646544,0,-0.1470191544233663,-0.4753263969954515,0,0,0.5992403030395508,-0.5377297401428223,0.0636453554034233,0.0910757184028625,5.097939237378284,6.669990984587447,0,0,-0.36933837934321373,0.030985539537144446,0.9904219,0.007905856,0.0016722169,0,0.01354229545322716,LOW
-6.128095493246617,-14.239464916113125,0,-0.5102107166110933,-0.2229280832689344,0,0,0.6773098111152649,-0.6287645697593689,0.1848870813846588,0.0537961721420288,5.097939237378284,6.714906748793423,0,0,-0.41971315649930596,0.145724905303954,0.99686015,0.0020748933,0.0010649838,0,0.05898454668868141,LOW
-6.302743925655809,-14.139802990472324,0,-0.4066724343087017,-0.1008766123444901,0,0,0.7175251245498657,-0.6491446495056152,0.1874580085277557,0.082613468170166,5.097939237378284,6.759822512999399,0,0,-0.41425250345394093,0.13328709609724854,0.99840385,0.0010576735,0.00053845334,0,0.05361619864976888,LOW
-0.7288828320963356,-9.251699799752592,0,-2.653130243210628,1.982661167422092,0,0,0.3130943775177002,-0.3703570067882538,-0.0889474973082542,0.0410564243793487,5.097939237378284,6.804738277205376,0,1,-0.696353946732192,0.7758336741863505,0.9952297,0.002929932,0.001840335,0,0.3116071035867459,LOW
-8.554355590255398,-14.88065483395742,0,0.3371165873316018,0.0972206025454287,0,0,0.4164537787437439,-0.4991887807846069,-0.1058064252138137,0.1823118925094604,5.097939237378284,6.849654041411351,0,0,-0.4682098917128822,0.25618662750521404,0.99190444,0.0030370355,0.005058577,0,0.10615173813956123,LOW
-7.829036773399538,-14.92227827794907,0,-0.0298451524602737,0.2393267936323315,0,0,0.6939550638198853,-0.635211706161499,0.1064981818199157,0.1585187911987304,5.097939237378284,6.894569805617327,0,0,-0.38602969442131885,0.06900359170522541,0.9988102,0.0007463344,0.0004435159,0,0.027831895509080964,LOW
-7.303534958177095,-13.9678025901541,0,-0.3768248673201126,-0.0534572829673463,0,0,0.7458685040473938,-0.6593368053436279,0.2050697058439254,0.1168887615203857,5.097939237378284,6.939485569823304,0,0,-0.41233256131603147,0.12891401584460338,0.99863726,0.0008930894,0.00046965815,0,0.05181558880010595,LOW
-8.525798193317739,-14.937198213165315,0,0.3080340930144149,-0.11316670975914,0,0,0.6595744490623474,-0.6087824106216431,0.0642605572938919,0.1554027795791626,5.097939237378284,6.984401334029279,0,0,-0.39506429724908204,0.08958183853697754,0.997543,0.0010375051,0.0014194968,0,0.036792078226047666,LOW
-9.281642253003186,-15.5511935191741,0,0.5486886564032591,-0.392282438556661,0,0,0.3624486923217773,-0.5039142966270447,-0.1612326800823211,0.0450705587863922,5.097939237378284,7.029317098235255,0,1,-0.49440431188675144,0.3158500409644156,0.95640117,0.009556686,0.034042135,0,0.15166265856310962,LOW
-8.090596534048894,-14.697113497680734,0,0.0730463148768458,0.4369728300498909,0,0,0.682033896446228,-0.6189233064651489,0.1365144103765487,0.1475284695625305,5.097939237378284,7.074232862441232,0,0,-0.39517303331202364,0.08982950825587743,0.998635,0.0008044002,0.00056057057,0,0.03624968113026168,LOW
-8.428776425019231,-15.25576425601536,0,0.2384115805925067,-0.1695121676661202,0,0,0.5680119395256042,-0.5280407667160034,0.1145068705081939,-0.0047911405563354,5.097939237378284,7.119148626647208,0,0,-0.37491785746082756,0.04369399834662191,0.9980957,0.0012540157,0.00065031205,0,0.017862498049411847,LOW
-7.98881335797268,-14.563336493721987,0,0.0043570883519003,-0.2390904902756654,0,0,0.4820199012756347,-0.4707850515842438,0.0407036505639553,0.0193059742450714,5.097939237378284,7.164064390853183,0,0,-0.36177094527502524,0.013749084420417668,0.998665,0.0009770276,0.00035805028,0,0.0056662650136870335,LOW
-6.844982441368908,-13.584720561321776,0,-0.3547163290836158,-0.2694816085027174,0,0,0.6108570694923401,-0.5405696034431458,0.1496471911668777,0.083655297756195,5.142855001584261,6.535243691969519,0,0,-0.38337238405721075,0.06295099707282492,0.99696916,0.0019806998,0.0010501625,0,0.025863914569222813,LOW
-7.208313199664268,-14.294656797419954,0,-0.0507246992326933,-0.1811370438860802,0,0,0.4253922998905182,-0.3915303349494934,0.0427256077527999,0.0858839154243469,5.142855001584261,6.580159456175495,0,0,-0.3760266839059101,0.046219588537522616,0.9886918,0.0075976322,0.0037105335,0,0.021158174258026862,LOW
-7.996632848936613,-14.936256144432594,0,0.1788664811841457,-0.3231147025217655,0,0,0.5923982262611389,-0.5420881509780884,0.0650145933032035,0.1626192927360534,5.142855001584261,6.625075220381471,0,0,-0.378969142953581,0.05292167049172014,0.99597615,0.00256261,0.0014612149,0,0.02215916677486396,LOW
-6.910041208914691,-14.082412702950224,0,-0.183724012419466,-0.0917320483120409,0,0,0.6751931309700012,-0.5907412171363831,0.209081694483757,0.0367416739463806,5.142855001584261,6.669990984587447,0,0,-0.38628981503815496,0.06959607223384723,0.9993005,0.00051486026,0.00018461388,0,0.027875534036376284,LOW
-8.358564000064145,-15.430070506097266,0,0.2970172748804248,-0.7827751048194926,0,0,0.4463986754417419,-0.5189093947410583,-0.0715053677558898,0.0648907721042633,5.142855001584261,6.714906748793423,1,0,-0.43777787860103634,0.1868711867114845,0.008178058,0.98706347,0.004758512,1,0.07820146698416544,LOW
-6.090776295274452,-14.646848261044386,0,-0.5610152527145282,-0.1292862045421818,0,0,0.6785290837287903,-0.6125355958938599,0.2099187523126602,0.0240260958671569,5.142855001584261,6.759822512999399,0,0,-0.42504221368876616,0.1578629767074078,0.9992231,0.00059605733,0.00018084362,0,0.06317948011751531,LOW
-7.611859223377176,-14.854336669266305,0,0.0260801244084512,0.0031694277587481,0,0,0.6905606985092163,-0.6222966909408569,0.1315062493085861,0.1545392274856567,5.142855001584261,6.804738277205376,0,0,-0.37350179672367184,0.04046861612080932,0.9987343,0.0008185813,0.00044712247,0,0.016420598732959892,LOW
-8.002114883896152,-14.496524733615669,0,-0.0851218272141017,0.1839487018123122,0,0,0.7489430904388428,-0.6813711524009705,0.1545727849006652,0.1560938358306884,5.142855001584261,6.849654041411351,0,0,-0.4108738851910577,0.12559156792746295,0.9987956,0.0007586746,0.00044562336,0,0.050468659918575166,LOW
-8.248413603405073,-14.452967602840443,0,0.0790498749656623,0.1494643883103954,0,0,0.5847151875495911,-0.6161764860153198,0.0036529577337205,0.1275100111961364,5.142855001584261,6.894569805617327,0,0,-0.3916328786910865,0.08176604636374596,0.9978515,0.0010317735,0.0011167345,0,0.033439651660668535,LOW
-7.4143175187810595,-15.032861039677371,0,-0.266792760585836,-0.4600764583384489,0,0,0.6576271057128906,-0.6229671239852905,0.1610545367002487,0.0245651602745056,5.142855001584261,6.939485569823304,0,0,-0.4082865410660629,0.11969833641990701,0.9963366,0.003230135,0.0004332348,0,0.04810211526605826,LOW
-6.611453167661342,-14.230095265647062,0,-0.5372843193117236,0.092994980016174,0,0,0.6902597546577454,-0.6258588433265686,0.0918624326586723,0.1944741904735565,5.142855001584261,6.984401334029279,0,0,-0.42670218749663247,0.16164392329728394,0.9986333,0.0008848751,0.00048174718,0,0.06491658008042415,LOW
-7.302827544426554,-14.091603266025182,0,-0.2388687375762639,0.1724744474002406,0,0,0.7493455410003662,-0.652550220489502,0.2133454531431198,0.0862516164779663,5.142855001584261,7.029317098235255,0,0,-0.4075622014652681,0.1180484975305468,0.9985637,0.0009587248,0.00047761764,0,0.047475325757231124,LOW
-7.746776657789222,-14.380589612331534,0,-0.044839911638979,0.2624403686817134,0,0,0.6896942257881165,-0.607758641242981,0.1430030763149261,0.092399001121521,5.142855001584261,7.074232862441232,0,0,-0.3805535003646134,0.05653038450997794,0.9987816,0.00077273796,0.0004456171,0,0.022844181865864455,LOW
-7.30177289807303,-14.86723637677658,0,-0.3678629041484193,-0.2653176765819083,0,0,0.5124037265777588,-0.5415019989013672,0.0412164740264415,0.0794463455677032,5.142855001584261,7.119148626647208,0,0,-0.3678660402815901,0.027631971349618145,0.99689037,0.0019106917,0.0011990078,0,0.011847465196216378,LOW
-8.395054683400822,-14.867911278789467,0,0.1482442746375099,0.3902522477730024,0,0,0.5270373225212097,-0.570426344871521,0.1043770983815193,-0.0039881467819213,5.142855001584261,7.164064390853183,0,0,-0.3772137923034495,0.04892348267502056,0.9990792,0.0006318706,0.00028885115,0,0.01968434488389277,LOW
-7.075616883258783,-13.99662003214551,0,-0.2265388558623485,0.0134236197266659,0,0,0.6126044392585754,-0.5109795331954956,0.1949198842048645,0.0912590026855468,5.187770765790236,6.535243691969519,0,0,-0.37252576060975523,0.03824548440691056,0.9986784,0.000847811,0.00047379616,0,0.015551266557058208,LOW
-7.145109623250253,-14.020632621030488,0,-0.1699213177782892,-0.3731459574687097,0,0,0.6706792116165161,-0.5794286727905273,0.1753005385398864,0.1731250584125518,5.187770765790236,6.580159456175495,0,0,-0.4006618856158499,0.10233154732549454,0.9955309,0.0031126481,0.0013564749,0,0.041844895550708784,LOW
-8.17708430674399,-15.244393649412997,0,0.2431923789049063,-0.2818360064927647,0,0,0.4465535879135132,-0.4268701672554016,-0.0052600461058318,-0.0362977981567382,5.187770765790236,6.625075220381471,0,0,-0.38468702418931083,0.06594537210502327,0.99631125,0.0027518126,0.0009369015,0,0.02697707889728487,LOW
-4.349902322782554,-11.924560079910652,0,-1.2599381454709362,-0.1504404337138636,0,0,0.5476356744766235,-0.5543495416641235,0.0543494150042533,0.1506053209304809,5.187770765790236,6.669990984587447,0,0,-0.48151659420298404,0.28649549814162256,0.99817,0.001202394,0.0006275906,0,0.11496612909547964,LOW
-6.638502338254707,-13.645931419911602,0,-0.316320195070896,-0.0887897207016266,0,0,0.69914311170578,-0.6373088359832764,0.1379383355379104,0.129291296005249,5.187770765790236,6.714906748793423,0,0,-0.407525954443145,0.11796593715878667,0.99863726,0.0008930894,0.00046965815,0,0.04743635732577927,LOW
-7.602623246941604,-14.78123927229809,0,0.0394216497928806,-0.2861955569026086,0,0,0.6985383629798889,-0.6430044174194336,0.166945606470108,0.092576265335083,5.187770765790236,6.759822512999399,0,0,-0.3893234827382755,0.07650590146803948,0.997396,0.001671201,0.00093278574,0,0.031198216812333836,LOW
-8.007437702665094,-14.955649791412874,0,0.0981654947720174,-0.2162340774631266,0,0,0.6887500286102295,-0.6656467318534851,0.1604037135839462,0.1217612028121948,5.187770765790236,6.804738277205376,0,0,-0.3950687982980767,0.08959209064202067,0.99738544,0.0016683057,0.0009462477,0,0.03644274616732695,LOW
-7.517739366664276,-14.46205977424173,0,-0.033102562870317,0.1246762361887245,0,0,0.7227382063865662,-0.6728754639625549,0.1517939418554306,0.1847308874130249,5.187770765790236,6.849654041411351,0,0,-0.4043582734741657,0.11075086394454581,0.9987066,0.000838132,0.00045526505,0,0.04453957893320544,LOW
-8.028595807088134,-14.596589775352037,0,0.0250192822636657,0.4953529371512211,0,0,0.5961379408836365,-0.5408788323402405,0.1302988827228546,0.0320984125137329,5.187770765790236,6.894569805617327,0,0,-0.3781515800809082,0.05105949559426515,0.9993612,0.00047682217,0.0001619293,0,0.020443962040834585,LOW
-7.746996225221876,-13.915379892453236,0,-0.0813871463468488,-0.4702203030304748,0,0,0.6144578456878662,-0.6324872970581055,0.0343053191900253,-0.0008504390716552,5.187770765790236,6.939485569823304,0,0,-0.4032799965283696,0.10829485679441475,0.99615806,0.0034305085,0.00041143945,0,0.043524446167355846,LOW
-7.61193600286528,-14.42756845382272,0,-0.1112433818636751,0.4075644197234442,0,0,0.6437221169471741,-0.6267090439796448,0.0532979369163513,0.1802614629268646,5.187770765790236,6.984401334029279,0,0,-0.40386261399388357,0.10962189310607129,0.9987766,0.0007544422,0.0004689744,0,0.04409822904888392,LOW
-7.735941132838886,-14.45085351471276,0,-0.0792186049945676,0.4477352009261031,0,0,0.6771300435066223,-0.6147459149360657,0.1410467028617859,0.0771891474723815,5.187770765790236,7.029317098235255,0,0,-0.38711815813680167,0.07148280140947283,0.9987305,0.00080520625,0.0004643405,0,0.028839131662868757,LOW
-7.848762986497206,-14.59052970715062,0,-0.0937965060373516,0.4061919782856655,0,0,0.5837485790252686,-0.5592452883720398,0.0917892903089523,0.0224884152412414,5.187770765790236,7.074232862441232,0,0,-0.3686758567562977,0.029476502163274132,0.9993654,0.00047125862,0.0001633961,0,0.011811860105693751,LOW
-7.202052323959126,-14.761697524208206,0,-0.2373700948083867,0.4634699503473118,0,0,0.5712418556213379,-0.5622563362121582,0.0840352401137352,0.0924864113330841,5.187770765790236,7.119148626647208,0,0,-0.373256523678031,0.03990995412198173,0.9986896,0.0008484615,0.00046192278,0,0.01620818714623078,LOW
-7.54956071955495,-14.615415062179888,0,-0.0774524564555935,0.3944498986534182,0,0,0.6553894281387329,-0.6050935983657837,0.137251928448677,0.1385718584060669,5.187770765790236,7.164064390853183,0,0,-0.3839767255970905,0.06432751462599395,0.9987717,0.000782679,0.0004456127,0,0.02596303062353802,LOW
-6.447450404896079,-13.546418903979475,0,-0.3564178715991437,0.0938008350934493,0,0,0.3123008906841278,-0.283808946609497,0.0365050137042999,-0.2021499574184417,5.232686529996212,6.535243691969519,1,0,-0.4367476058413959,0.1845245193973708,0.025476178,0.9726505,0.0018732708,1,0.07510803883167219,LOW
-8.380040015530803,-15.258456535641226,0,0.2233412435190303,-0.7054055401601946,0,0,0.4653266072273254,-0.4796750247478485,-0.0072274077683687,0.0016993880271911,5.232686529996212,6.580159456175495,1,0,-0.396966321476657,0.09391410690352175,0.015574741,0.98289907,0.0015262607,1,0.03860471912507655,LOW
-6.524856353358617,-14.760048510485294,0,-0.4255417867681395,0.1184963639943212,0,0,0.5313607454299927,-0.4763194918632507,0.0652922615408897,0.0935255289077758,5.232686529996212,6.625075220381471,0,0,-0.3745439183640563,0.042842271803673615,0.9985519,0.0009302641,0.00051775813,0,0.017422813284967198,LOW
-7.20676134908948,-14.07364611806626,0,-0.0286106278487032,0.1283304578867712,0,0,0.6378263235092163,-0.5893749594688416,0.1246474757790565,0.1435955464839935,5.232686529996212,6.669990984587447,0,0,-0.3710673214776769,0.034923576291949754,0.99867743,0.0008610438,0.00046155477,0,0.014213361157643156,LOW
-6.3801716003287,-13.45990448141426,0,-0.508215278212808,0.0137386580585792,0,0,0.7285457849502563,-0.6523450016975403,0.2320860624313354,0.122105062007904,5.232686529996212,6.714906748793423,0,0,-0.44172045164968327,0.19585124293464862,0.99856335,0.0009589494,0.00047772954,0,0.07859650750507292,LOW
-6.184925151014677,-13.724155488094947,0,-0.53524677927643,-0.0376717920314044,0,0,0.5895221829414368,-0.5450475811958313,0.1125278994441032,0.0016170144081115,5.232686529996212,6.759822512999399,0,0,-0.3897970409611101,0.07758453194958648,0.99916613,0.0006661498,0.00016769432,0,0.031058282027198916,LOW
-7.451194535359339,-14.370458582441564,0,-0.020914761678271,0.0834013079301039,0,0,0.7054033875465393,-0.6710107326507568,0.1408764421939849,0.1895580291748047,5.232686529996212,6.804738277205376,0,0,-0.39862467796204043,0.09769136969435399,0.9987066,0.000838132,0.00045526505,0,0.03931578123312871,LOW
-7.712583651318134,-14.804295211753583,0,0.0812648999884284,-0.1276937420983355,0,0,0.7675590515136719,-0.681246280670166,0.183217391371727,0.1648747324943542,5.232686529996212,6.849654041411351,0,0,-0.4308475193168966,0.17108580613631408,0.99872845,0.0008223409,0.00044917603,0,0.06866900838005963,LOW
-8.27149803080922,-14.915579538129348,0,0.1614692531354006,0.240796841275749,0,0,0.7082738876342773,-0.663053035736084,0.1399333626031875,0.1909261345863342,5.232686529996212,6.894569805617327,0,0,-0.41641801766181946,0.13821951944080169,0.9982657,0.000934677,0.00079966837,0,0.055784249100096474,LOW
-8.21174257537849,-14.819658060863606,0,0.2100709753720258,0.2181974344612527,0,0,0.6551971435546875,-0.6474239230155945,0.0799812972545623,0.1504572033882141,5.232686529996212,6.939485569823304,0,0,-0.39362648280842416,0.08630690758293569,0.9984022,0.0008141252,0.00078372617,0,0.03500729835826002,LOW
-8.46344300852134,-15.183684373853731,0,0.2933524887060607,0.2989322002522847,0,0,0.5871559381484985,-0.5793077349662781,0.0977190807461738,0.0353348851203918,5.232686529996212,6.984401334029279,0,0,-0.381526707939469,0.05874707361914033,0.99851865,0.0008089697,0.0006723982,0,0.023900222579707586,LOW
-9.02626978600968,-15.547867685764896,0,0.4988726224165115,0.1657142638050484,0,0,0.4979143142700195,-0.5479031801223755,-0.0738569647073745,0.1173775792121887,5.232686529996212,7.029317098235255,0,0,-0.44150485758154395,0.1953601811764052,0.99323,0.0018266587,0.004943367,0,0.08173511844065927,LOW
-8.17309104462468,-14.569255853659207,0,0.0315034345320984,0.1574786089161044,0,0,0.7235435843467712,-0.6436554789543152,0.1399908810853958,0.1345048546791076,5.232686529996212,7.074232862441232,0,0,-0.38473357148386955,0.06605139355776901,0.998635,0.0008044002,0.00056057057,0,0.02673843525101831,LOW
-6.717028029405271,-14.680590218213093,0,-0.5091586002589803,0.1677791033540527,0,0,0.5488966703414917,-0.5068926811218262,0.1325796395540237,0.1330755650997162,5.232686529996212,7.119148626647208,0,0,-0.38743686263362287,0.07220871929728767,0.9986964,0.0008362484,0.0004673344,0,0.02913173471976953,LOW
-8.378860196416637,-15.144766470570763,0,-0.0382688092870949,0.0707530573736772,0,0,0.5068716406822205,-0.5367891788482666,0.0743590295314788,0.002770721912384,5.232686529996212,7.164064390853183,0,0,-0.36758989697725064,0.027002995711622235,0.9991233,0.0006220234,0.0002546858,0,0.010890634661232657,LOW
-7.184828892413188,-13.696367844480951,0,-0.171089550630433,0.1063266295372944,0,0,0.5570926666259766,-0.4825115203857422,0.165855124592781,-0.0281978249549865,5.277602294202189,6.535243691969519,0,0,-0.38060375404681757,0.056644848056003894,0.999311,0.0005541034,0.00013492981,0,0.022657939222401557,LOW
-7.2614657390186625,-14.246062497779851,0,-0.1354865051886473,0.0721229365114179,0,0,0.2620770037174225,-0.2435042262077331,0.0825057849287986,-0.2103271186351776,5.277602294202189,6.580159456175495,1,0,-0.44307778449406293,0.19894285978123039,0.0128468415,0.98600763,0.0011455327,1,0.08033188429270854,LOW
-7.984562517563994,-14.721411101495011,0,0.1409151890611288,0.0415214447229086,0,0,0.5662241578102112,-0.5206354856491089,0.0118242548778653,0.1357384026050567,5.277602294202189,6.625075220381471,0,0,-0.3744560118819804,0.042642045925374905,0.9985776,0.00080057455,0.0006217756,0,0.017420405422711307,LOW
-7.131215230280614,-13.971150072235805,0,-0.0060234081904029,0.0503225945281595,0,0,0.6088338494300842,-0.553616464138031,0.1295160353183746,0.0731438398361206,5.277602294202189,6.669990984587447,0,0,-0.3593295489589234,0.008188280369077594,0.99857557,0.0009273347,0.0004970894,0,0.003545780854361791,LOW
-6.469826182570314,-13.55386769715929,0,-0.4840408576377704,0.166710923986896,0,0,0.7261820435523987,-0.6666666865348816,0.2555391490459442,0.0935275554656982,5.277602294202189,6.714906748793423,0,0,-0.4475029224878303,0.20902206122885558,0.9986216,0.00092007197,0.00045836155,0,0.08385037037908978,LOW
-7.9445055117893375,-14.655969682125749,0,0.2407595872769679,0.0632281461183694,0,0,0.6382978558540344,-0.6383717656135559,0.1138590797781944,0.0955084562301635,5.277602294202189,6.759822512999399,0,0,-0.37977828232158617,0.0547646590495493,0.99846435,0.00090122985,0.00063445646,0,0.022278921058811685,LOW
-8.268042873499024,-15.16434357604173,0,0.3408481588647332,-0.7090756007204462,0,0,0.5706806182861328,-0.5549295544624329,-0.0118577210232615,0.2046920359134674,5.277602294202189,6.804738277205376,1,0,-0.4495081580090129,0.21358941546648613,0.009235284,0.98654014,0.004224547,1,0.08848998175936887,LOW
-8.316580173856035,-15.426361007441717,0,0.3071989183808352,-0.6701310628406816,0,0,0.6867470145225525,-0.6322451829910278,0.1155698150396347,0.1358502507209777,5.277602294202189,6.849654041411351,1,0,-0.43824840771964796,0.1879429177580959,0.013293536,0.9831839,0.0035225137,1,0.0777070888118669,LOW
-8.168894376971151,-15.091572558750975,0,0.0913882482797606,-0.0465524102736925,0,0,0.7240670919418335,-0.6499682664871216,0.1681744456291198,0.181674063205719,5.277602294202189,6.894569805617327,0,0,-0.41072051556675315,0.12524223569387172,0.9984243,0.00096015545,0.0006155241,0,0.050455812610043484,LOW
-8.121703986489154,-14.822560187079716,0,0.2005569332592301,0.1411566874854433,0,0,0.5546123385429382,-0.5010928511619568,0.0854879915714263,0.0581798553466796,5.277602294202189,6.939485569823304,0,0,-0.36256029064288275,0.015546987894974107,0.99868816,0.00074330694,0.0005685582,0,0.006542638281613744,LOW
-7.585775820290355,-14.34471159263749,0,-0.0248006240501788,-0.1972558693467663,0,0,0.5339990854263306,-0.4873213469982147,0.1917251646518707,-0.0980998873710632,5.277602294202189,6.984401334029279,0,0,-0.39055191071989714,0.07930390982576818,0.9957925,0.0038302462,0.0003771932,0,0.03190249153032037,LOW
-6.984838726993302,-14.16453373343045,0,-0.3298036170355296,0.4124171531584499,0,0,0.4830707311630249,-0.5136458873748779,-0.0243572499603033,0.0742126405239105,5.277602294202189,7.029317098235255,0,0,-0.39722638392619175,0.09450645494363163,0.998044,0.0012033709,0.0007526349,0,0.03826389762631575,LOW
-8.000222203410354,-15.125307190016835,0,0.0213207117056415,-0.1212943729373297,0,0,0.652402400970459,-0.6100950837135315,0.1327800899744033,0.0057358741760253,5.277602294202189,7.074232862441232,0,0,-0.3802735494024473,0.0558927361141307,0.9993407,0.0005173534,0.00014196683,0,0.022362349838004694,LOW
-8.131602462782137,-14.982584476523735,0,0.1197208064960814,0.6122099614001719,0,0,0.5871757864952087,-0.5503166913986206,0.1357748955488205,-0.012222945690155,5.277602294202189,7.119148626647208,0,0,-0.3948278196529067,0.08904321006187488,0.9992854,0.0005391264,0.00017552442,0,0.03564760095924879,LOW
-7.8862629607017,-14.709086913132,0,-0.0562682398357245,-0.0611414041912432,0,0,0.5657466650009155,-0.5600138902664185,0.0660081952810287,0.1374465823173523,5.277602294202189,7.164064390853183,0,0,-0.36267570734745075,0.01580987420889246,0.99862623,0.00086977665,0.0005039635,0,0.0065995521313573224,LOW
-7.267779473876015,-13.768083783108196,0,-0.0903025311458923,0.1495684129361247,0,0,0.650750458240509,-0.5850992202758789,0.2333355247974395,0.0727298259735107,5.322518058408165,6.535243691969519,0,0,-0.39637673410928215,0.09257119514458545,0.99858177,0.00094056875,0.00047762628,0,0.03728441126389694,LOW
-7.04447817201149,-13.829648111528796,0,-0.2419471696399346,0.3893137089574026,0,0,0.5501351952552795,-0.4760801792144775,0.1896767765283584,-0.0192644000053405,5.322518058408165,6.580159456175495,0,0,-0.39337273150942714,0.08572893454259434,0.9992537,0.00059324625,0.0001530672,0,0.03430511921721702,LOW
-7.354377306566629,-14.468893979418826,0,-0.0272814938233859,-0.0499991443181127,0,0,0.5441859364509583,-0.4736881256103515,0.0553075410425663,0.1120498180389404,5.322518058408165,6.625075220381471,0,0,-0.36363535680268594,0.017995681790948126,0.9986027,0.0008656955,0.0005315724,0,0.007494494034801136,LOW
-6.765301234711298,-14.244359889140346,0,-0.1812595398974463,0.1722544786370816,0,0,0.4041636884212494,-0.4840667843818664,-0.0921192914247512,0.0256659090518951,5.322518058408165,6.669990984587447,0,0,-0.42318058057773206,0.15362270777701292,0.9980611,0.0013590584,0.0005797604,0,0.061781292305117044,LOW
-6.185718046215232,-13.540151160628223,0,-0.543754745920684,0.1463519532422754,0,0,0.7510231733322144,-0.6553041934967041,0.2657734155654907,0.0938673019409179,5.322518058408165,6.714906748793423,0,0,-0.4686179340655587,0.25711603153229334,0.9983845,0.0010898806,0.0005256234,0,0.10313819111520468,LOW
-7.960080812527243,-14.840954521632872,0,0.2071708931261998,0.0677185089165899,0,0,0.732342004776001,-0.6510186195373535,0.1693851798772812,0.1441438198089599,5.322518058408165,6.759822512999399,0,0,-0.40500046472956575,0.11221359234763673,0.99865985,0.0008280242,0.0005121456,0,0.04516714991068241,LOW
-7.589814332696191,-14.7863926678223,0,0.0012132220380586,0.0883903815455608,0,0,0.715157687664032,-0.6532037258148193,0.1715084761381149,0.1824020147323608,5.322518058408165,6.804738277205376,0,0,-0.39668482845652336,0.0932729461397166,0.99871457,0.00083375874,0.00045166118,0,0.037545720347240776,LOW
-7.535543658862077,-15.113476901098242,0,0.0830636618273277,-0.0145263953458778,0,0,0.6608666181564331,-0.6137845516204834,0.0959308519959449,0.1085500717163086,5.322518058408165,6.849654041411351,0,0,-0.3725369255528982,0.03827091496099666,0.99848807,0.001010214,0.00050168816,0,0.015582269117746295,LOW
-7.403651078725498,-14.60947455253054,0,-0.1351237401792454,0.2259600734796656,0,0,0.7128378748893738,-0.6520039439201355,0.1426639854907989,0.1529115438461303,5.322518058408165,6.894569805617327,0,0,-0.38758412077064963,0.07254413130703408,0.9987043,0.00084347965,0.00045213965,0,0.02925455176555003,LOW
-7.853822274878933,-14.993971439735168,0,0.091346476247052,-0.3537314692991771,0,0,0.6710435152053833,-0.6387665271759033,0.1056241318583488,0.088512897491455,5.322518058408165,6.939485569823304,0,0,-0.38176818682286545,0.059297093599201545,0.9960083,0.0026939106,0.0012978218,0,0.024587310641670745,LOW
-8.204455653239446,-14.891739889854732,0,0.1641984933385104,0.1005549861235586,0,0,0.5810098052024841,-0.5691847205162048,0.067942202091217,0.0271096229553222,5.322518058408165,6.984401334029279,0,0,-0.3640304565177108,0.01889560618319175,0.99920565,0.0005374979,0.0002568401,0,0.007649287738711941,LOW
-7.938075902699085,-14.654641183417423,0,0.0803639352692987,0.2684264181087368,0,0,0.6105631589889526,-0.554190993309021,0.1348088681697845,0.0472902655601501,5.322518058408165,7.029317098235255,0,0,-0.3674075402076088,0.026587639033672894,0.9988146,0.0008113009,0.0003741026,0,0.010813675061448303,LOW
-8.284559327210548,-14.841977312061568,0,0.2500666620284066,0.4089485434140556,0,0,0.5331648588180542,-0.6099502444267273,0.0858161821961402,-0.0895199179649353,5.322518058408165,7.074232862441232,0,0,-0.40484769981217644,0.1118656374638195,0.9976926,0.0018433854,0.0004640411,0,0.04499204250898186,LOW
-8.016642928502042,-14.862024307771618,0,0.0095912401687816,-0.190060540543282,0,0,0.6936026811599731,-0.6210119128227234,0.1148255914449691,0.1699097752571106,5.322518058408165,7.119148626647208,0,0,-0.38771955098127486,0.07285260267604188,0.99770004,0.0014735054,0.000826514,0,0.029657531266294602,LOW
-7.331545517353268,-15.19814740362168,0,-0.3075462271002835,0.0820555874293562,0,0,0.5184905529022217,-0.5099437236785889,0.0685076862573623,0.0418385565280914,5.322518058408165,7.164064390853183,0,0,-0.3642134365348252,0.019312382441013076,0.99911064,0.00066910073,0.00022024634,0,0.007788669221172651,LOW
-7.252619963985787,-13.929720604925445,0,-0.0997601471838632,0.0673615885286889,0,0,0.6703216433525085,-0.5879082679748535,0.2205709666013717,0.1211720705032348,5.3674338226141405,6.535243691969519,0,0,-0.3845104664138849,0.06554322388090716,0.9986389,0.00090264814,0.00045836953,0,0.026458841406195657,LOW
-7.083428608891513,-13.87808323580089,0,-0.2175623857125394,0.1055398103983407,0,0,0.4812217950820923,-0.4005144238471985,0.1850023567676544,0.0138290226459503,5.3674338226141405,6.580159456175495,0,0,-0.3789355669193374,0.052845193868069074,0.99822146,0.0013797964,0.00039877498,0,0.021335122892203406,LOW
-7.343423006804869,-14.33751247820732,0,-0.0341984795510776,0.2306075698639507,0,0,0.5389830470085144,-0.4994495511054992,0.1022510305047035,0.0931788384914398,5.3674338226141405,6.625075220381471,0,0,-0.36307343171241285,0.016715776804637095,0.99873143,0.0007979582,0.00047058036,0,0.006936981897163364,LOW
-7.040751208331107,-14.638233909051058,0,-0.1134982243128484,0.0170642111203171,0,0,0.4403655529022217,-0.4836479425430298,-0.0683172345161438,0.1054005026817321,5.3674338226141405,6.669990984587447,0,0,-0.41044823469684616,0.12462205757920208,0.99737513,0.0015206274,0.001104262,0,0.05057274146591331,LOW
-7.095325051549914,-14.10290073492963,0,-0.1502772105184535,0.3923625265061234,0,0,0.524124026298523,-0.4780676364898681,0.1483254134654998,-0.0063320398330688,5.3674338226141405,6.714906748793423,0,0,-0.3812409896336196,0.05809628886034024,0.9992649,0.0005820078,0.00015306892,0,0.023252062219426953,LOW
-7.554684747673679,-14.984117218201137,0,-0.1411631104722212,-0.5191642115321367,0,0,0.4163307249546051,-0.442842572927475,0.0084182303398847,0.0990987122058868,5.3674338226141405,6.759822512999399,1,0,-0.3853247886447779,0.06739801752124341,0.044555992,0.9504954,0.0049486086,1,0.03055416732737566,LOW
-8.160162145584739,-15.147794035044267,0,0.2360294140288663,-0.3219592006200535,0,0,0.2943792939186096,-0.3081699013710022,0.0131742740049958,-0.0311154127120971,5.3674338226141405,6.804738277205376,0,0,-0.3960421328379427,0.09180906894124174,0.99457353,0.003324623,0.0021018325,0,0.03819255354617188,LOW
-7.946440634856915,-14.709957769299749,0,0.1321353130780596,-0.2415101366867196,0,0,0.3159899413585663,-0.3068791031837463,0.0674479454755783,-0.2193636000156402,5.3674338226141405,6.849654041411351,1,0,-0.42345272969989944,0.1542425858079315,0.01845034,0.9798972,0.0016524446,1,0.06283034760929081,LOW
-8.819075526680415,-15.564682746783255,0,0.3254120079588087,-0.1523074632894161,0,0,0.3418201506137848,-0.3271079361438751,0.0893923342227935,-0.1192998588085174,5.3674338226141405,6.894569805617327,1,0,-0.4041224999111559,0.1102138390560683,0.019693898,0.9740233,0.006282805,1,0.048676902829894876,LOW
-8.586074067671035,-15.424907452185945,0,0.3142719321897904,0.0483051401055689,0,0,0.3735539615154266,-0.3733693063259125,0.047746080905199,-0.071103036403656,5.3674338226141405,6.939485569823304,0,0,-0.38543528782012554,0.0676497031070249,0.99602014,0.0020824939,0.0018973922,0,0.02837612677167929,LOW
-8.519467145624164,-14.994577417326097,0,0.2609026408572585,0.1631857474783888,0,0,0.3951191008090973,-0.3862586617469787,0.1012091785669326,-0.1241610944271087,5.3674338226141405,6.984401334029279,1,0,-0.3904970597829057,0.07917897504535998,0.019065477,0.9777941,0.0031404502,1,0.03391617847146664,LOW
-7.201541650716421,-14.239803562073154,0,-0.1617223932702656,0.1000868842727067,0,0,0.4744245409965515,-0.4839498698711395,0.0486960560083389,0.06794074177742,5.3674338226141405,7.029317098235255,0,0,-0.36284721370277473,0.016200516739654947,0.9983834,0.0010841549,0.0005324261,0,0.006777065650105341,LOW
-7.67252327588352,-14.636388833534838,0,-0.1410191093163573,-0.0852932713040512,0,0,0.6011414527893066,-0.5504471659660339,0.1250357180833816,0.1823589503765106,5.3674338226141405,7.074232862441232,0,0,-0.37935943627841257,0.05381064729881213,0.998735,0.0008023484,0.00046269246,0,0.021769039246718292,LOW
-6.79335331006755,-13.962912631726866,0,-0.3909290242711024,0.0743322227092608,0,0,0.6278006434440613,-0.5998959541320801,0.1228120103478431,0.1446467638015747,5.3674338226141405,7.119148626647208,0,0,-0.3828552375250159,0.061773084862341454,0.99867,0.0008716503,0.00045838376,0,0.02495079642166749,LOW
-8.428242385108526,-15.145302337947427,0,0.1266918521879455,-0.0107528907995391,0,0,0.5343402624130249,-0.5049015879631042,0.1657113879919052,-0.0443669557571411,5.3674338226141405,7.164064390853183,0,0,-0.3919743341074204,0.08254378435326382,0.9992193,0.00054423604,0.00023648168,0,0.03309335489649974,LOW
-6.9514603260250425,-14.0594447510921,0,-0.1771798576735057,0.1555921214100957,0,0,0.6432957649230957,-0.5658189654350281,0.2332666367292404,0.0753964781761169,5.412349586820117,6.535243691969519,0,0,-0.3884211385440245,0.07445061891600135,0.9985342,0.00097213936,0.0004936575,0,0.030048153244302125,LOW
-7.074332285120176,-13.96994601137774,0,-0.1572521250433729,0.1370828235915722,0,0,0.6011545658111572,-0.5355870723724365,0.1962454915046692,0.1337092220783233,5.412349586820117,6.580159456175495,0,0,-0.3799714007089694,0.055204527621426136,0.9986424,0.0008838486,0.00047377904,0,0.02233487106628287,LOW
-7.225167965034398,-14.14139144430766,0,-0.0882253238993927,0.3258926345149948,0,0,0.6563778519630432,-0.5795639157295227,0.2113701105117797,0.1892305016517639,5.412349586820117,6.625075220381471,0,0,-0.4053144155792953,0.11292868278403312,0.9986865,0.0008551424,0.00045839135,0,0.04541304125103918,LOW
-8.653615102202739,-15.320461335496177,0,0.3829798295899361,-0.33261680065754,0,0,0.4753485023975372,-0.4975379109382629,0.0128768198192119,0.1119553744792938,5.412349586820117,6.669990984587447,0,0,-0.383799563808542,0.06392399063236565,0.98921216,0.004127438,0.006660433,0,0.030442984699813727,LOW
-7.375196957484403,-14.064485277593466,0,-0.0932788736440624,0.1065628927224668,0,0,0.6109998822212219,-0.5512427091598511,0.1359518766403198,0.0643819570541381,5.412349586820117,6.714906748793423,0,0,-0.3610384228795745,0.01208060746014128,0.99856395,0.000934893,0.0005011409,0,0.005105737441416869,LOW
-9.281464651163114,-16.000383048095614,0,0.6729733801916837,-0.3798269921952197,0,0,0.4303360283374786,-0.4032490849494934,0.1039688885211944,-0.0890284478664398,5.412349586820117,6.759822512999399,0,0,-0.43927852206796286,0.1902892242564196,0.9431273,0.03882998,0.018042712,0,0.08948961225920656,LOW
-8.422620480601296,-15.395082222721909,0,0.2865109707699773,-0.5898747697150171,0,0,0.4288001656532287,-0.4003027975559234,0.0622994415462017,-0.0202064514160156,5.412349586820117,6.804738277205376,1,0,-0.38537710107942724,0.06751717031778648,0.010937756,0.9872251,0.0018371141,1,0.0282780966659407,LOW
-7.946105842685804,-15.11232424010948,0,0.2446618225746149,-0.0484230536800671,0,0,0.4184743463993072,-0.4253166019916534,0.060828436166048,-0.1185498535633087,5.412349586820117,6.849654041411351,1,0,-0.3849784042575456,0.06660905274271134,0.03119189,0.96732575,0.0014824054,1,0.027649945290524915,LOW
-5.825937850562414,-11.939638791278352,0,-0.7635668726219097,0.612363019418007,0,0,0.3462201356887817,-0.3258249163627624,0.102967768907547,-0.2216728329658508,5.412349586820117,6.894569805617327,1,1,-0.5038196321102726,0.33729545336973055,0.012466614,0.98639685,0.0011365603,1,0.13566622097859957,LOW
-8.101545169874614,-15.528354838088829,0,0.1472601143084529,0.720516838125759,0,0,0.3343045115470886,-0.3401904702186584,-0.0081779938191175,-0.0186158418655395,5.412349586820117,6.939485569823304,0,0,-0.4259570568169537,0.1599467282638486,0.9956468,0.0027912275,0.0015620282,0,0.06504447951404645,LOW
-8.672846796372095,-15.438634736661276,0,0.2876718643358767,-0.1899243549804818,0,0,0.4628970026969909,-0.446102499961853,0.0444395877420902,0.0964123904705047,5.412349586820117,6.984401334029279,0,0,-0.38084066387429977,0.05718446103066788,0.9927273,0.0029149824,0.0043577477,0,0.026027477110373322,LOW
-8.564278962462982,-15.388091176023726,0,0.2785331636497373,0.4476956424717535,0,0,0.4943263530731201,-0.4935556948184967,0.0666242986917495,0.0185462534427642,5.412349586820117,7.029317098235255,0,0,-0.3866606048458298,0.07044062559501807,0.9986646,0.00081753184,0.0005178807,0,0.028462246333051767,LOW
-7.036618763047907,-13.951025390058437,0,-0.3592459841842615,0.4751033497861812,0,0,0.4193629324436188,-0.4155815541744232,0.045325931161642,-0.0434157848358154,5.412349586820117,7.074232862441232,0,0,-0.39342299978932044,0.0858434313379901,0.99827766,0.0013819673,0.00034039753,0,0.03449082032759572,LOW
-5.499130224440606,-12.979719348323544,0,-0.92008170645794,-0.8146551084353248,0,0,0.3245817124843597,-0.3915821313858032,-0.0414321571588516,0.0529580414295196,5.412349586820117,7.119148626647208,1,0,-0.47832660287217527,0.27922960829034893,0.006823973,0.9903903,0.0027856838,1,0.11367148446682274,LOW
-8.260581686961382,-14.89891124343202,0,0.1721252471200528,0.5878055802490589,0,0,0.5956168174743652,-0.5592401027679443,0.1176033765077591,0.0921785235404968,5.412349586820117,7.164064390853183,0,0,-0.3882015482002173,0.07395045478229445,0.99838996,0.0008235224,0.0007865326,0,0.030066813121250036,LOW
-8.288745782218168,-15.266816935911812,0,0.3876690311616314,0.1457808001293923,0,0,-0.2418762743473053,0.2527888715267181,0.28272545337677,-0.2572094202041626,5.457265351026093,6.535243691969519,1,1,-0.6432541227669117,0.6548874294967368,0.020361211,0.9758793,0.0037594696,1,0.26466185713652435,LOW
-7.111457329318268,-14.017379905186305,0,-0.1680151835121816,0.0913130287160228,0,0,0.7002476453781128,-0.6322486400604248,0.227052628993988,0.1645333766937255,5.457265351026093,6.580159456175495,0,0,-0.4086745874948885,0.12058219543914528,0.9986389,0.00090264814,0.00045836953,0,0.0484744300294909,LOW
-7.133085678340134,-13.95215192517109,0,-0.1218993333181307,0.0250538358679603,0,0,0.6172178983688354,-0.5425764918327332,0.2161462754011154,0.1792593598365783,5.457265351026093,6.625075220381471,0,0,-0.39541701740275725,0.09038523438328494,0.9985933,0.0009329477,0.00047375576,0,0.03640713636693578,LOW
-7.988467310191313,-14.821413342353548,0,0.2031851591845865,-0.3603886271117806,0,0,0.5752894282341003,-0.5166395902633667,0.1026221290230751,0.1655538976192474,5.457265351026093,6.669990984587447,0,0,-0.38471019763281655,0.06599815459579716,0.99595237,0.002558698,0.0014889162,0,0.027410448583336633,LOW
-8.992836113543497,-16.172849087366956,0,0.5984647790159178,-0.561762793777083,0,0,0.1967871487140655,-0.2312579452991485,-0.0716510862112045,-0.1658945977687835,5.457265351026093,6.714906748793423,1,1,-0.5223367932319505,0.37947226174189796,0.0015038279,0.9955017,0.0029944847,1,0.1539244827740457,LOW
-8.0596095245768,-14.849999498873068,0,0.132444169815478,-0.4106404390227798,0,0,0.3190052211284637,-0.2916416227817535,0.0853966623544693,-0.0685424208641052,5.457265351026093,6.759822512999399,0,0,-0.396064247928882,0.09185944080691555,0.9875843,0.011099123,0.0013165761,0,0.03762625568495599,LOW
-7.390414637231684,-15.23040399233837,0,-0.0889967859105349,-0.5337990533016326,0,0,0.4135562777519226,-0.388677030801773,0.1500656455755233,-0.137434720993042,5.457265351026093,6.804738277205376,1,0,-0.4082555837785821,0.11962782455401044,0.0011807774,0.9985745,0.0002446721,1,0.047933087757949314,LOW
-6.938696143667931,-14.795157824286672,0,-0.2529659653587916,-0.3409416850589899,0,0,0.411845713853836,-0.3334774076938629,0.1799601167440414,-0.1304464638233184,5.457265351026093,6.849654041411351,1,0,-0.4078063012120087,0.1186044870893308,0.009045903,0.99017805,0.0007761078,1,0.04792064053658676,LOW
-7.060380886725815,-15.353091895367545,0,-0.2199965683885693,-0.5301375099946499,0,0,0.2747738659381866,-0.2742615938186645,0.0258914232254028,-0.1337945759296417,5.457265351026093,6.894569805617327,1,0,-0.4274597986371878,0.16336954525876346,0.0015581769,0.9979911,0.00045078338,1,0.06558370446018232,LOW
-9.090669951649442,-15.893706617520152,0,0.4769579414295459,-0.142140951965624,0,0,0.3733493387699127,-0.3423019349575043,0.0222222357988357,0.0091374218463897,5.457265351026093,6.939485569823304,0,0,-0.4076895449619873,0.11833854967316593,0.9930205,0.0024567998,0.0045227064,0,0.050612307219050745,LOW
-6.72868361249026,-16.337135467396266,0,-0.6674719533833544,0.3885818487182524,0,0,0.1503558456897735,-0.1683093607425689,-0.0512480251491069,-0.1533090770244598,5.457265351026093,6.984401334029279,1,1,-0.5167616466201924,0.3667736688665799,0.0147489505,0.9816772,0.0035738563,1,0.14927773296981064,LOW
-5.724279032124391,-13.77452746088765,0,-0.834562600276953,-0.6494829039010463,0,0,0.1960396021604538,-0.2606399655342102,-0.063918188214302,-0.1244485229253768,5.457265351026093,7.029317098235255,1,1,-0.4983575268994244,0.32485433654449203,0.0012823815,0.99828655,0.00043107,1,0.13016289858355848,LOW
-6.152214262350547,-13.65199394006978,0,-0.6462687481012664,0.5092161917605429,0,0,0.2832190990447998,-0.3060306012630462,-0.020191267132759,0.0154680013656616,5.457265351026093,7.074232862441232,0,0,-0.43851883949392145,0.1885588841606307,0.9950336,0.0038772835,0.0010891613,0,0.07613619453880577,LOW
-6.361918908957684,-13.426577890417883,0,-0.6252317700479433,-0.3328769015632797,0,0,0.5009074211120605,-0.3963697850704193,0.1455789059400558,0.0082212388515472,5.457265351026093,7.119148626647208,0,0,-0.406452380264739,0.1155206415706348,0.996088,0.0030504526,0.0008615495,0,0.04675091215724261,LOW
-7.19620067952054,-14.240188377114617,0,-0.3015245951700002,-0.0131142356541751,0,0,0.3824155926704407,-0.3778047263622284,0.0890621244907379,-0.0973186194896698,5.457265351026093,7.164064390853183,0,0,-0.3769726246256865,0.04837417153257639,0.9730443,0.025259783,0.0016959264,0,0.020515455021849816,LOW
-15.383304511042551,-22.931839971113668,1,3.020576817544393,1.5291449312722936,0,1,-0.1792991161346435,0.1541369259357452,0.237861081957817,-0.0177836567163467,5.502181115232069,6.535243691969519,2,1,-0.7947711606787333,1.0,0.82545257,0.049336217,0.12521127,0,0.4934097394347191,MEDIUM
-7.228189440059558,-13.511767457178706,0,-0.1139873843478112,0.0070854474929733,0,0,0.4444444477558136,-0.3977543413639068,0.1969897896051406,-0.0449277758598327,5.502181115232069,6.580159456175495,0,0,-0.3936498753298992,0.08636018907080045,0.997361,0.0022095314,0.00042951427,0,0.034764077754618095,LOW
-7.255598770026394,-14.449383208580604,0,-0.0626852771926654,-0.1576860363274645,0,0,0.3211971819400787,-0.290925532579422,0.0978788658976554,-0.1232921183109283,5.502181115232069,6.625075220381471,1,0,-0.3936820382195461,0.0864334469543615,0.010056693,0.98880833,0.0011349696,1,0.03532023039409271,LOW
-7.077614989226085,-13.932315813611195,0,-0.1446611671322551,-0.1567178911540425,0,0,0.690723180770874,-0.6050860285758972,0.2016276270151138,0.1082828044891357,5.502181115232069,6.669990984587447,0,0,-0.3867355289554157,0.07061128133385908,0.99771667,0.0014865139,0.0007968328,0,0.028738836146200077,LOW
-8.480776848543234,-15.938396622792771,0,0.4173267830410743,-0.6395945165299626,0,0,0.3756694793701172,-0.3948797583580017,0.0122145321220159,0.007694125175476,5.502181115232069,6.714906748793423,1,0,-0.4026240067697472,0.10680069933897574,0.010487563,0.9846998,0.004812713,1,0.04621375010822244,LOW
-7.135255559658843,-14.888082196724229,0,-0.2365666290737918,-0.6317502466270817,0,0,0.2999999821186065,-0.3034001588821411,-0.0180624052882194,0.0011095404624938,5.502181115232069,6.759822512999399,1,0,-0.41663930380554215,0.13872354612274707,0.011201469,0.9873768,0.0014217411,1,0.056450437233536155,LOW
-8.445827267183173,-15.802964260260929,0,0.3456246703413752,-0.4834909093347157,0,0,0.4384479522705078,-0.4616487324237823,-0.0567390844225883,0.1164036095142364,5.502181115232069,6.804738277205376,0,0,-0.422995636246971,0.15320145737330515,0.96402,0.019873938,0.016106112,0,0.07320821183900197,LOW
-8.388365329037573,-15.12173633361277,0,0.3405229294860593,-0.4230316243575878,0,0,0.3990007042884826,-0.3532796204090118,0.1202263087034225,-0.1169493794441223,5.502181115232069,6.849654041411351,1,0,-0.3987701369613879,0.0980226837819278,0.00741768,0.9908697,0.001712635,1,0.04038733836352169,LOW
-8.191410944191976,-14.95845635519181,0,0.220890502702897,-0.1035965325494103,0,0,0.3394216001033783,-0.3170366585254669,0.088375486433506,-0.0766993165016174,5.502181115232069,6.894569805617327,0,0,-0.38259140628948923,0.0611721526033262,0.99280035,0.006078855,0.0011207511,0,0.02520509394651347,LOW
-9.202754982438204,-16.435226098241543,0,0.5586650816778237,0.0630289149490153,0,0,0.318085104227066,-0.243975892663002,0.0503328889608383,-0.033467024564743,5.502181115232069,6.939485569823304,0,0,-0.4445623320596571,0.2023242354565833,0.9839272,0.0044066366,0.011666185,0,0.08954148781245844,LOW
-7.741128347309958,-15.474002679278216,0,-0.0908156194883586,-0.4548805292439679,0,0,0.2609615921974182,-0.2966417968273163,-0.0051715900190174,-0.041334718465805,5.502181115232069,6.984401334029279,0,0,-0.4204519409468566,0.14740764543176998,0.98558193,0.012157818,0.0022602282,0,0.06055027747618183,LOW
-3.76138366391118,-12.045534264472014,0,-1.579016353029622,0.0145802463951838,0,0,0.1853713095188141,-0.2440668046474456,-0.0445227436721324,-0.0059223771095275,5.502181115232069,7.029317098235255,0,1,-0.5152529508086733,0.3633372903787435,0.99546367,0.0032375795,0.0012987162,0,0.14620405722818886,LOW
-3.022823507386432,-11.443345653037913,0,-2.016681490471778,0.4105202400225587,0,0,0.2349032014608383,-0.2807911336421966,-0.0371705405414104,-0.0438369661569595,5.502181115232069,7.074232862441232,0,1,-0.5520272121700011,0.4470985626533017,0.99657166,0.0026030864,0.00082530756,0,0.17935501426081527,LOW
-7.753221148401632,-14.928418653121597,0,-0.0130568839953173,0.5679657896386168,0,0,0.4098170101642608,-0.3920275270938873,0.1208997070789337,-0.0591906905174255,5.502181115232069,7.119148626647208,0,0,-0.3934151925473016,0.08582564866880127,0.9952088,0.0041486253,0.00064257125,0,0.03470937719712848,LOW
-7.567538484112163,-14.860637790621134,0,-0.1733721836909886,0.1031145266060873,0,0,0.5234633088111877,-0.4948119223117828,0.0913825705647468,0.0054158568382263,5.502181115232069,7.164064390853183,0,0,-0.36045789897917196,0.010758339692320318,0.99940765,0.00045339236,0.00013892757,0,0.004306321484735332,LOW
-7.487446553551423,-16.955905519106917,0,-0.135260122592526,0.8129312085595748,0,0,-0.2046370804309845,0.2018209248781204,0.1267404556274414,-0.0033125728368759,5.547096879438045,6.535243691969519,0,1,-0.6269312040729814,0.6177084791541594,0.97485036,0.019943258,0.005206401,0,0.25087087707864236,LOW
-8.525979569424415,-16.225742434421868,0,0.4539003990903502,-0.4313615432801505,0,0,0.1045576483011245,-0.140879213809967,0.0667142271995544,0.0042026937007904,5.547096879438045,6.580159456175495,0,1,-0.48187187495017375,0.28730472628918124,0.9382191,0.040909134,0.020871881,0,0.13040869994072848,LOW
-7.802274825805064,-14.353458618593606,0,0.0973068005548205,-0.1969604905424287,0,0,0.4743216633796692,-0.4348403513431549,0.0723267421126365,0.0519900619983673,5.547096879438045,6.625075220381471,0,0,-0.3631587259444401,0.016910052722842073,0.9952409,0.0034659768,0.0012930565,0,0.007628935474738707,LOW
-7.313003415467226,-14.052509492445058,0,-0.1282436511452451,-0.0963820020951695,0,0,0.5907384157180786,-0.5224266052246094,0.1503215879201889,0.1830995380878448,5.547096879438045,6.669990984587447,0,0,-0.38478182741572126,0.06616130679863541,0.998609,0.0009055871,0.00048543175,0,0.026726285248134432,LOW
-9.342005138056578,-15.720098136642896,0,0.6977815052410608,-0.4849118061226818,0,0,0.2587973177433014,-0.2723997831344604,-0.0765836536884307,-0.0420842468738555,5.547096879438045,6.714906748793423,0,1,-0.4933934673354803,0.31354762556429794,0.9144059,0.037749227,0.04784488,0,0.16104988358329173,LOW
-6.1802107161515325,-13.743357146979662,0,-0.5903592683348866,-0.0299926433714645,0,0,0.2846975028514862,-0.2833925783634186,0.0091872904449701,-0.0295882225036621,5.547096879438045,6.759822512999399,0,0,-0.4138340706651314,0.1323340256220129,0.995884,0.0031807332,0.00093529257,0,0.053531338606921164,LOW
-8.503087136857259,-15.75281742370519,0,0.4522767997693796,-0.1070091202234895,0,0,0.4709110856056213,-0.50055992603302,0.0573412030935287,0.1011525094509124,5.547096879438045,6.804738277205376,0,0,-0.3968487860691324,0.09364639478893055,0.9958483,0.001854463,0.002297217,0,0.03907340129434705,LOW
-7.966813675720928,-15.092583995925562,0,0.1859226380956739,0.0055757208217013,0,0,0.4552640914916992,-0.4474516808986664,0.0215613432228565,-6.923079490661621e-05,5.547096879438045,6.849654041411351,0,0,-0.36938661983186294,0.03109541760280299,0.99890137,0.0008726504,0.00022593584,0,0.012506132335995936,LOW
-3.358644173080574,-10.726103617258683,0,-1.63407531720342,0.1869296065505681,0,0,0.3033547699451446,-0.2836555540561676,0.0421773009002208,-0.0748835802078247,5.547096879438045,6.894569805617327,0,1,-0.5276461472974906,0.3915654550521901,0.99646324,0.0028000453,0.0007366936,0,0.15707559236954102,LOW
-8.888970912888428,-16.339818405955764,0,0.4045287918837541,0.1766609134486287,0,0,0.1697965562343597,-0.2061315029859542,-0.0670826882123947,-0.0906450450420379,5.547096879438045,6.939485569823304,0,1,-0.48402410050753913,0.2922068818793495,0.94370747,0.026274525,0.03001804,0,0.1392001138383468,LOW
-5.272486191326658,-13.182055291536384,0,-0.941285185736563,0.783415000579649,0,0,0.1759739071130752,-0.1777820438146591,-0.0107960505411028,-0.1080776900053024,5.547096879438045,6.984401334029279,1,1,-0.5093393240459098,0.3498677363192064,0.024228362,0.9737892,0.00198239,1,0.14132681818833046,LOW
-5.274557586864995,-13.236923363129234,0,-1.0455250906031437,0.3686720869397248,0,0,0.2949896156787872,-0.321633905172348,-0.0043309745378792,-0.0828441381454467,5.547096879438045,7.029317098235255,0,0,-0.4388450300267988,0.18930185310212133,0.9932296,0.0056843986,0.001085965,0,0.07643099507743562,LOW
-6.264021741339367,-13.97965986018151,0,-0.6835140942501625,-0.2629212443977353,0,0,0.3659779131412506,-0.3843947350978851,0.0029093967750668,0.01257985830307,5.547096879438045,7.074232862441232,0,0,-0.3967565878228621,0.09343639349663535,0.9922246,0.005449517,0.0023259043,0,0.03901082515476606,LOW
-6.597858824790341,-14.363130466114518,0,-0.277026245487857,-0.1868653553037225,0,0,0.3879914581775665,-0.374170184135437,0.0863169953227043,-0.0407425463199615,5.547096879438045,7.119148626647208,0,0,-0.371332494849631,0.035527565554710816,0.99285805,0.0059914584,0.0011505262,0,0.01496949585052012,LOW
-6.2191770560140895,-13.432368777535252,0,-0.6163561929151379,0.2027820449611326,0,0,0.5559307932853699,-0.5303831100463867,0.1139317154884338,0.0569984018802642,5.547096879438045,7.164064390853183,0,0,-0.39392309856698293,0.08698251362895382,0.9984372,0.0010233604,0.00053935533,0,0.03509503927060691,LOW
-7.241252995897232,-13.716473796794851,0,-0.0948284768920147,0.2184630504607136,0,0,0.4958466291427612,-0.4222357273101806,0.2154369801282882,-0.0921635627746582,5.592012643644021,6.535243691969519,0,0,-0.4103935214392883,0.12449743639325084,0.99431384,0.005179708,0.0005064234,0,0.05007641409708677,LOW
-8.956809327956247,-16.024348231838584,0,0.5994491986969157,0.179533171704243,0,0,-0.0401284210383892,-0.0023403686936944,0.0033467344474047,-0.0502995923161506,5.592012643644021,6.580159456175495,0,1,-0.5449522519523914,0.43098382241974087,0.9844134,0.0057475246,0.009839113,0,0.179640825129846,LOW
-7.143209239031429,-13.88340922047659,0,-0.132572879216486,0.0303776281737615,0,0,0.5625,-0.4858574867248535,0.1580989360809326,0.0842910408973693,5.592012643644021,6.625075220381471,0,0,-0.3695861200567963,0.03154982217928903,0.99863964,0.000866699,0.00049370964,0,0.012887873490542346,LOW
-7.0726729325495,-14.052932947571067,0,-0.2435382197847677,-0.1499651668652877,0,0,0.6167547106742859,-0.5551966428756714,0.2053067982196808,0.0812528133392334,5.592012643644021,6.669990984587447,0,0,-0.3741371609399106,0.04191579447707816,0.9985323,0.0009618445,0.0005058151,0,0.017043303019824263,LOW
-7.780412407534065,-14.541388381875375,0,0.1372399657461318,-0.4350801484595044,0,0,0.4802944958209991,-0.4501484930515289,0.0759408548474311,0.0501970946788787,5.592012643644021,6.714906748793423,0,0,-0.3668691071721269,0.02536124224371472,0.98985004,0.0086912,0.001458747,0,0.011133152504701949,LOW
-8.275468449273173,-15.35321577441128,0,0.2618444673068827,-0.103551741931172,0,0,0.3119103610515594,-0.2883613109588623,0.0529230944812297,-0.090705394744873,5.592012643644021,6.759822512999399,0,0,-0.39868811367383716,0.09783585814173645,0.9881598,0.0089946585,0.002845505,0,0.0411586601841127,LOW
-6.580093905107429,-13.95208301667254,0,-0.4084257317994705,-0.1438445016302036,0,0,0.7163323760032654,-0.6189188957214355,0.3094651997089386,0.124359130859375,5.592012643644021,6.804738277205376,0,0,-0.4613059866497469,0.24046150209564976,0.9985877,0.0009427009,0.00046963483,0,0.09643456586733007,LOW
-8.241978605177762,-14.866270750832353,0,0.2171445596331088,-0.2197875344643129,0,0,0.6226603388786316,-0.5488327741622925,0.1066282391548156,0.2271943390369415,5.592012643644021,6.849654041411351,0,0,-0.4106956852348083,0.1251856792840974,0.9964407,0.0017842177,0.001775058,0,0.05129915531284577,LOW
-8.764753777299983,-15.582804996974572,0,0.439944543534862,-0.3482342485517442,0,0,0.5066252946853638,-0.4919039607048034,0.0486656054854393,0.0785677433013916,5.592012643644021,6.894569805617327,0,0,-0.39553451122833955,0.09065285178607863,0.98871547,0.0041841413,0.007100444,0,0.04146313888117139,LOW
-9.612433496761788,-16.192262189004477,0,0.5269629645316054,-0.5519105266378119,0,0,0.3790455162525177,-0.3801811635494232,0.0460135601460933,-0.0753334760665893,5.592012643644021,6.939485569823304,1,0,-0.44269749578914125,0.19807667064304746,0.0064491546,0.986286,0.0072648157,1,0.08455542312119642,LOW
-7.405945926024278,-15.010547211954997,0,-0.2537252701132802,-0.1677625441224286,0,0,0.3410648703575134,-0.3062901496887207,0.1138354018330574,-0.2113063335418701,5.592012643644021,6.984401334029279,1,0,-0.42465658500290965,0.15698462461664697,0.010519453,0.9883158,0.0011647799,1,0.06356296437590712,LOW
-6.098630806553519,-14.193788692034271,0,-0.7656902651215395,-0.1089421346698529,0,0,0.314826488494873,-0.3312040865421295,0.0470085367560386,-0.0937694907188415,5.592012643644021,7.029317098235255,0,0,-0.40447591575374364,0.11101881948317394,0.98599875,0.012516853,0.0014844291,0,0.045415363406833234,LOW
-6.329084994077085,-13.900136643889462,0,-0.6591851470321929,-0.5252792542402682,0,0,0.4425727427005768,-0.4375363290309906,0.0661080107092857,-0.0239579975605011,5.592012643644021,7.074232862441232,1,0,-0.39785259951583296,0.09593279533946264,0.041447625,0.9574962,0.0010561873,1,0.03906113338627418,LOW
-5.882298431599709,-14.27888080239587,0,-0.817303328219465,-0.0670614153144075,0,0,0.3998929262161255,-0.4108443558216095,0.0742550045251846,-0.0154712200164794,5.592012643644021,7.119148626647208,0,0,-0.3937009427522864,0.08647650608472779,0.9948484,0.0042550266,0.0008966272,0,0.035159454669919876,LOW
-6.7201025959383,-14.049516739627904,0,-0.4519768597682073,0.2062108210693081,0,0,0.3546078205108642,-0.3517857193946838,0.0780916213989257,-0.1133963167667388,5.592012643644021,7.164064390853183,1,0,-0.39539413857952793,0.09033312295341811,0.015137443,0.9835507,0.0013118475,1,0.037012196968354075,LOW
-7.742018859930125,-14.123408201559428,0,0.0941953244398782,0.0393680987745872,0,0,0.5787599086761475,-0.5247007608413696,0.2063843458890915,0.0919971168041229,5.6369284078499975,6.535243691969519,0,0,-0.38044075225724044,0.05627357649887166,0.9986792,0.0008467499,0.00047401077,0,0.022762663668636975,LOW
-7.335410741030923,-14.256098527727218,0,-0.0978705008308034,-0.0940811100895508,0,0,0.6553119421005249,-0.5766927599906921,0.1980040520429611,0.1583422422409057,5.6369284078499975,6.580159456175495,0,0,-0.38289620056180557,0.06186638696959579,0.998609,0.0009055871,0.00048543175,0,0.02500831731651858,LOW
-15.264424691748443,-23.75426644229635,1,3.1198480910662667,-0.2026746623811419,0,1,0.0393672324717044,-0.1359202116727829,-0.1616574376821518,0.066178411245346,5.6369284078499975,6.625075220381471,2,1,-0.7811766229228906,0.9690355227743235,0.15650389,0.053428143,0.79006803,2,0.9775535053553044,HIGH
-7.1758147248242015,-14.208033945248696,0,-0.1181335386038368,0.2154545927160711,0,0,0.5605708360671997,-0.5167741775512695,0.0494536235928535,0.0423578023910522,5.6369284078499975,6.669990984587447,0,0,-0.36291534573857953,0.016355702072831102,0.99926406,0.0005178767,0.0002180442,0,0.0066043524600964965,LOW
-7.377714067782816,-14.107278091737124,0,-0.0773310618370569,-0.1455152263532921,0,0,0.4874034225940704,-0.4119897782802582,0.1603452712297439,-0.0722295939922332,5.6369284078499975,6.714906748793423,0,0,-0.3809113008913235,0.05734535199615742,0.9980178,0.0016554897,0.00032673223,0,0.02308138304167469,LOW
-7.684393876624003,-14.926395518532594,0,0.0072106903183862,-0.368029678058539,0,0,0.4566857814788818,-0.410234659910202,0.1436235159635543,0.0385554730892181,5.6369284078499975,6.759822512999399,0,0,-0.3735506449130374,0.04057987835526644,0.9946964,0.0042024567,0.0011011928,0,0.01695357761685994,LOW
-5.901566095315726,-13.30020535526958,0,-0.6035964059934651,0.0740422984454989,0,0,0.4539951682090759,-0.3981373608112335,0.2672118246555328,-0.1291684508323669,5.6369284078499975,6.804738277205376,1,0,-0.46705356710653956,0.2535528500585922,0.03938965,0.9593038,0.0013065598,1,0.10229613894449968,LOW
-4.025322254451277,-12.116932278934325,0,-1.3226881698601245,2.830617750336355,0,0,0.5163934230804443,-0.5114504098892212,0.0106430118903517,0.1841140985488891,5.6369284078499975,6.849654041411351,0,1,-0.5967180775774552,0.5488915996037589,0.99802506,0.0012002804,0.0007747368,0,0.22003446169870636,LOW
-6.8618080034668925,-13.76890065071992,0,-0.4440481665553631,0.4731804487564695,0,0,0.3807886838912964,-0.35907644033432,0.1083471477031707,-0.0436077713966369,5.6369284078499975,6.894569805617327,0,0,-0.4008450913824406,0.10274883777619581,0.99471694,0.0044812234,0.0008018767,0,0.04159762563191079,LOW
-8.793219715910084,-16.10331203375229,0,0.4582921361413558,-0.8739304482899772,0,0,0.3877430558204651,-0.4259763658046722,0.0026121994014829,0.0053037703037261,5.6369284078499975,6.939485569823304,1,0,-0.44139339779788905,0.19510630759905023,0.0079805665,0.9871169,0.00490254,1,0.0816030782071163,LOW
-7.483635279095599,-14.897977133150926,0,-0.1188694043359687,0.1834382826217853,0,0,0.5424836277961731,-0.5577517151832581,0.0828571543097496,0.0511822998523712,5.6369284078499975,6.984401334029279,0,0,-0.35632004838708303,0.0013334969559850585,0.99877423,0.0008562009,0.0003695907,0,0.0007086486616424637,LOW
-5.689236479144226,-13.904173993890057,0,-0.8568591908894856,0.1501504989070081,0,0,0.3188142776489258,-0.3382443189620971,0.0531796142458915,-0.0368904173374176,5.6369284078499975,7.029317098235255,0,0,-0.4058360605362606,0.1141168411223259,0.99618334,0.003074694,0.00074200507,0,0.04610011350416743,LOW
-6.128597642479078,-14.411578417342954,0,-0.6917571101702602,0.2534091085426047,0,0,0.4009518027305603,-0.3832598924636841,0.1222301498055458,-0.1301255226135254,5.6369284078499975,7.074232862441232,1,0,-0.41447698106113906,0.1337983920221706,0.012724183,0.9861937,0.0010821698,1,0.05422677633982245,LOW
-6.5855373101659085,-14.7570120317114,0,-0.491273602526917,-0.058802279413471,0,0,0.5835402607917786,-0.5852272510528564,0.0775800719857215,0.1330293118953704,5.6369284078499975,7.119148626647208,0,0,-0.3858762448073375,0.0686540772779789,0.99867994,0.000862138,0.00045790293,0,0.027702834290310376,LOW
-7.464191082321495,-14.796430539572254,0,-0.1258855673044633,-0.1217485468661161,0,0,0.3911908566951751,-0.3759277164936065,0.1318006068468094,-0.1025144755840301,5.6369284078499975,7.164064390853183,1,0,-0.3776108879016918,0.04982795311962285,0.05393601,0.94418204,0.0018819491,1,0.021235893510785076,LOW
-8.65052106013636,-14.673934763797453,0,0.5708318652993818,0.0929846720350511,0,0,0.353092223405838,-0.3626925051212311,-0.0013685493031516,-0.0501554012298584,5.681844172055973,6.535243691969519,0,0,-0.40789081639922975,0.11879698856580101,0.9952371,0.0021612956,0.0026015807,0,0.04936094414474455,LOW
-7.248355883570657,-14.041684554145132,0,-0.0901720522600605,-0.1345883340690594,0,0,0.5787814855575562,-0.5034664869308472,0.2214169055223465,0.0164896845817565,5.681844172055973,6.580159456175495,0,0,-0.3845628158249288,0.0656624608991242,0.99931705,0.0005348252,0.00014814523,0,0.02627485391966693,LOW
-10.285583656330076,-17.471468635514665,0,1.1493875798646649,0.3380308165791224,0,0,-0.0547979362308979,0.0230651143938303,0.0008280412876047,-0.0371827594935894,5.681844172055973,6.625075220381471,1,1,-0.606265518688729,0.5706379456850343,0.84349954,0.027699795,0.12880063,0,0.3243455322993777,LOW
-7.149885692662526,-14.047412531244053,0,-0.1882199224307074,-0.1139952963420327,0,0,0.5673144459724426,-0.4951976537704468,0.2222019135951995,0.0382428169250488,5.681844172055973,6.669990984587447,0,0,-0.37701273826599485,0.04846553895705785,0.99928063,0.00052860874,0.00019081582,0,0.019427952469310485,LOW
-7.3516723292092,-14.05332400200722,0,-0.1404541620433883,-0.1516728665311006,0,0,0.4339732527732849,-0.3918690085411072,0.1649338454008102,-0.0722808837890625,5.681844172055973,6.714906748793423,0,0,-0.38070990294468005,0.05688662495121177,0.99450135,0.004952759,0.00054586236,0,0.023061543382496774,LOW
-8.181837233145608,-14.728769990556035,0,0.1937022344798511,-0.2571505765671471,0,0,0.3899159729480743,-0.3483695685863495,0.0492472425103187,-0.0767989456653595,5.681844172055973,6.759822512999399,0,0,-0.3815677574024305,0.058840572580548534,0.9930599,0.005489872,0.0014503072,0,0.024518581564665798,LOW
-8.807037074724875,-16.032097364328457,0,0.4124150383860128,-0.6131411806112386,0,0,0.6230851411819458,-0.5656357407569885,0.1473180502653122,0.2053455114364624,5.681844172055973,6.804738277205376,1,0,-0.4777853428424246,0.27799677241425,0.010667127,0.9838308,0.0055019846,1,0.115206942978572,LOW
-6.2285111340693495,-14.512509691776422,0,-0.5730907021675017,-0.3977663228314263,0,0,0.2001836746931076,-0.1998844146728515,0.063309758901596,-0.1526509076356887,5.681844172055973,6.849654041411351,1,0,-0.45249289102032125,0.22038778544516813,0.007356621,0.99180365,0.00083969225,1,0.08868144618346002,LOW
-8.336434799371279,-15.58872180714926,0,0.2828115417927423,-0.6176294209794504,0,0,0.4896309375762939,-0.4776847958564758,0.0556736141443252,0.016640156507492,5.681844172055973,6.894569805617327,1,0,-0.38938067227613243,0.07663616291379971,0.020408906,0.9781171,0.0014739598,1,0.031654481976823676,LOW
-4.902816903632054,-11.85707206537938,0,-1.101865929511896,-0.1820397412239494,0,0,0.2322551757097244,-0.228602796792984,0.0556090213358402,-0.1424513012170791,5.681844172055973,6.939485569823304,1,1,-0.5101174918693473,0.35164018053756374,0.014733454,0.9838578,0.0014087084,1,0.1416073579218585,LOW
-8.331712077582576,-15.057452456382787,0,0.1344952072020479,-0.2301749500932786,0,0,0.4194892942905426,-0.3894414603710174,0.1220930442214012,-0.0864759981632232,5.681844172055973,6.984401334029279,0,0,-0.38289671332744385,0.06186755490338025,0.986613,0.011808115,0.0015789052,0,0.025825414340337985,LOW
-3.9456676645065625,-11.940318973092824,0,-1.5588913007680794,-0.0925469492919215,0,0,0.2958333492279053,-0.3169994056224823,0.0283420030027627,-0.0658566355705261,5.681844172055973,7.029317098235255,0,0,-0.4793795389363052,0.2816278961441476,0.99738854,0.0019604617,0.0006509914,0,0.11303656453549848,LOW
-5.93711654420038,-13.535297635012814,0,-0.7345485375345898,-1.4873456065258155,0,0,0.5341265201568604,-0.5379786491394043,0.0733844563364982,0.0864501595497131,5.681844172055973,7.074232862441232,1,1,-0.48757813371537045,0.30030195523157843,0.017770562,0.9806292,0.0016002638,1,0.12121512546618335,LOW
-6.263157767896224,-14.042807400635668,0,-0.6695367548296807,-0.156834018851578,0,0,0.4947177767753601,-0.4755661487579345,0.1026497557759285,-0.0082325935363769,5.681844172055973,7.119148626647208,0,0,-0.39060093221068265,0.07941556679140094,0.9987097,0.0010324004,0.00025787228,0,0.03185804284060101,LOW
-4.714873246322641,-13.606918800660011,0,-1.2334434076697711,0.3968488945540986,0,0,0.6051264405250549,-0.5756791830062866,0.1156017929315567,0.1051264405250549,5.681844172055973,7.164064390853183,0,0,-0.4611250043915553,0.24004927616250837,0.9982882,0.0011532838,0.000558434,0,0.09633599264630544,LOW
-8.68244070422497,-15.13331725544732,0,0.5958103578366767,-0.5256722331833217,0,0,0.4769350886344909,-0.4559485614299774,-0.0050039668567478,0.0465967953205108,5.726759936261949,6.535243691969519,1,0,-0.4084220962819167,0.12000709251515007,0.012772018,0.9829966,0.004231369,1,0.05106214737897888,LOW
-7.39114684910407,-14.02353507297764,0,-0.0353710786738833,-0.0252528448324405,0,0,0.4482378959655761,-0.3933775126934051,0.2167476564645767,-0.1029560565948486,5.726759936261949,6.580159456175495,1,0,-0.4042868891424783,0.1105882708095306,0.058596816,0.9402236,0.0011795536,1,0.04501545623160204,LOW
-11.826304556944269,-18.65722692645706,1,1.753620421251605,-0.3151816921905066,0,1,0.368755429983139,-0.4145031273365021,-0.0941869094967842,0.0603830814361572,5.726759936261949,6.625075220381471,2,1,-0.7327041812776486,0.8586291343885215,0.14670153,0.049759142,0.8035394,2,0.9434516775972666,HIGH
-6.7044139762827655,-13.959804363440366,0,-0.301650501639743,0.2145223106106923,0,0,0.4825598895549774,-0.4306695461273193,0.1485887467861175,-0.0090487897396087,5.726759936261949,6.669990984587447,0,0,-0.38033581989454923,0.05603457052359362,0.998705,0.0010293819,0.00026559742,0,0.022511413629445268,LOW
-7.204255099006547,-13.819842017413142,0,-0.1785865509514121,-0.1244278544536356,0,0,0.5989583134651184,-0.4921020865440368,0.2387768477201461,0.0186327695846557,5.726759936261949,6.714906748793423,0,0,-0.3909284804318626,0.08016162815937045,0.99928206,0.00056222396,0.0001557345,0,0.03208018864922773,LOW
-7.476926913973026,-14.35227135239797,0,-0.0525548245165591,-0.286226371739529,0,0,0.5786032676696777,-0.5069503784179688,0.1990970522165298,0.0561758279800415,5.726759936261949,6.759822512999399,0,0,-0.3787827005879917,0.052497007992201916,0.9973168,0.0016960957,0.0009870951,0,0.021635218752953957,LOW
-4.242580301587383,-15.60563463255636,0,-1.3376832485680463,1.3851224294991953,0,0,0.5098970532417297,-0.4703161120414734,0.0709110870957374,0.0360912084579467,5.726759936261949,6.804738277205376,0,1,-0.5132333843640269,0.35873729438740365,0.998838,0.00087243866,0.00028955247,0,0.1436103933359308,LOW
-8.541964250868276,-15.72897363371423,0,0.3571370972535044,-0.2252407321836003,0,0,0.3338426351547241,-0.339984655380249,-0.0149506200104951,0.0080919563770294,5.726759936261949,6.849654041411351,0,0,-0.39566138452397254,0.09094183294481539,0.9886807,0.0043742964,0.006944972,0,0.04146262196230493,LOW
-3.765620488915376,-11.983813320170633,0,-1.5485719323537577,0.2835120990866415,0,0,0.1983216851949691,-0.2537313401699066,-0.0461601242423057,-0.0713376551866531,5.726759936261949,6.894569805617327,0,1,-0.5152166384449841,0.36325458117754383,0.99620205,0.0028581787,0.0009397539,0,0.14590289263564424,LOW
-5.443192289839884,-12.253790278407813,0,-0.8645609429576728,-0.3601714655724786,0,0,0.4536944031715393,-0.4775956273078918,0.0556361824274063,0.0665184259414672,5.726759936261949,6.939485569823304,0,0,-0.43717720662888204,0.18550302738632618,0.9929635,0.0050652577,0.001971256,0,0.07557261953440153,LOW
-5.720890988686845,-13.946535606354058,0,-0.7302508942173749,0.1276295181940607,0,0,0.1059689670801162,-0.1086748093366622,0.0763915479183197,-0.3207065463066101,5.726759936261949,6.984401334029279,1,1,-0.5484769755602017,0.43901213686786833,0.011938212,0.98693687,0.0011248777,1,0.17634416951514506,LOW
-8.018780217754587,-14.694282529750089,0,0.0816893798485799,0.2291716368271537,0,0,0.3613177239894867,-0.3424154818058014,0.1173135340213775,-0.1377441883087158,5.726759936261949,7.029317098235255,1,0,-0.3971585638967019,0.09435198027179659,0.01466154,0.98402333,0.0013151302,1,0.038622191602383144,LOW
-5.394088148241836,-13.691019449683422,0,-0.9625412259423868,0.2819486931250052,0,0,0.5258764624595642,-0.5258764624595642,0.0579204559326171,0.0960578024387359,5.726759936261949,7.074232862441232,0,0,-0.4144065995900972,0.1336380831174967,0.99814546,0.0012462761,0.0006082249,0,0.05380870034473744,LOW
-6.440897934474304,-13.550691961646924,0,-0.5746829244323373,0.1699947045439422,0,0,0.4065335690975189,-0.3957676887512207,0.0357500873506069,0.0206848382949829,5.726759936261949,7.119148626647208,0,0,-0.39159055647511076,0.08166964843420566,0.997154,0.002135777,0.0007102008,0,0.03309748432722231,LOW
-6.127417138195002,-13.842982759790845,0,-0.7484937937846278,0.1451566888867148,0,0,0.5611664652824402,-0.5589488744735718,0.0658556967973709,0.1017254292964935,5.726759936261949,7.164064390853183,0,0,-0.3937928962144618,0.08668594982871447,0.99819213,0.0011996658,0.00060825335,0,0.03502786830412461,LOW
-8.315210713633443,-14.72043910277031,0,0.3514009848502404,-0.2935088303926747,0,0,0.5070943832397461,-0.4677489101886749,0.1460037231445312,-0.0555396080017089,5.7716757004679256,6.535243691969519,0,0,-0.39520110648132095,0.08989345092365852,0.99830604,0.0011236133,0.00057034695,0,0.036282559388009304,LOW
-7.46563547496384,-14.102176246337583,0,-0.0850643822285147,-0.2269743155522414,0,0,0.4933150112628937,-0.433825671672821,0.1492243260145187,0.0074215829372406,5.7716757004679256,6.580159456175495,0,0,-0.36900509961880473,0.03022642344054849,0.9980933,0.0014680754,0.00043856064,0,0.012317327520200384,LOW
-7.754519104241687,-14.28374457416934,0,0.0564582051662656,-0.3748653464299716,0,0,0.4034851789474487,-0.4110963344573974,0.0557642467319965,-0.0099380612373352,5.7716757004679256,6.625075220381471,0,0,-0.37104817800825063,0.03487997293200351,0.9918515,0.0068504387,0.0012980812,0,0.014820656148094713,LOW
-7.282441376578177,-14.098382008192116,0,-0.0695844919638929,-0.114446795758857,0,0,0.6159795522689819,-0.5591544508934021,0.2051036208868026,0.0740801095962524,5.7716757004679256,6.669990984587447,0,0,-0.37052490343724587,0.03368810279800882,0.9985505,0.00094362994,0.00050582434,0,0.013752233274908177,LOW
-7.340521002314826,-13.965247497795644,0,-0.0297526203444981,-0.1178827628077083,0,0,0.4843060970306396,-0.401077389717102,0.132374107837677,-0.0380113720893859,5.7716757004679256,6.714906748793423,0,0,-0.36723162545357907,0.026186955428783687,0.9983082,0.0013585285,0.00033329846,0,0.010622928206430338,LOW
-8.34499472838245,-14.701215604755305,0,0.2338087201435336,-0.6608137221618753,0,0,0.4752610027790069,-0.4418810904026031,0.011738664470613,0.0188507437705993,5.7716757004679256,6.759822512999399,1,0,-0.3878129375747476,0.0730653106841187,0.01807452,0.9804315,0.0014939881,1,0.03024109870757621,LOW
-8.62743899301661,-15.644369651280268,0,0.3441424403175407,-0.581500923361185,0,0,0.3511944711208343,-0.3389380574226379,0.0402958802878856,0.0003364980220794,5.7716757004679256,6.804738277205376,1,0,-0.4006779085339713,0.10236804296015078,0.018126754,0.9764139,0.005459358,1,0.04492361672868679,LOW
-6.210908633343816,-14.578529721765806,0,-0.56413745506419,-0.6633355512026,0,0,0.1651117354631424,-0.1684729009866714,0.0096517093479633,-0.197028174996376,5.7716757004679256,6.849654041411351,1,1,-0.49692156427344797,0.32158362349580005,0.0012717481,0.9983494,0.0003788481,1,0.1288156129215973,LOW
-5.885323957760102,-13.954976327497672,0,-0.6948563710387701,0.024204435509854,0,0,0.3210954070091247,-0.3251231610774994,0.0395449474453926,-0.0515787005424499,5.7716757004679256,6.894569805617327,0,0,-0.3984731290761948,0.09734618458334665,0.99642354,0.0027864126,0.00078998477,0,0.03942768320449193,LOW
-5.007822031699359,-12.187126699375758,0,-1.0479565822928911,-0.1124207822675638,0,0,0.4660983979701996,-0.5160256624221802,0.0609349124133586,0.0915367007255554,5.7716757004679256,6.939485569823304,0,0,-0.4486419009104246,0.2116163290193731,0.997974,0.0013797752,0.00064630085,0,0.08502843466124342,LOW
-5.082993376865195,-13.472373680962606,0,-1.1134338269732786,-0.0609015453141292,0,0,0.2958051264286041,-0.3007335066795349,0.0654121935367584,-0.1351712942123413,5.7716757004679256,6.984401334029279,1,0,-0.4439722164298184,0.20098012046651648,0.014017343,0.9847499,0.0012327294,1,0.08121190896954654,LOW
-4.100806459843087,-13.13002062434723,0,-1.3509097522355342,0.5920951319064027,0,0,0.4494591355323791,-0.4467609822750091,0.0800376608967781,0.0378487706184387,5.7716757004679256,7.029317098235255,0,0,-0.462397835656309,0.24294842252683813,0.9988066,0.00091538014,0.00027807377,0,0.09728627205116763,LOW
-4.687017467261626,-13.284879809627114,0,-1.2704289196298109,0.0291133581035483,0,0,0.3456248342990875,-0.3547436594963074,0.0536205358803272,-0.0964804291725158,5.7716757004679256,7.074232862441232,0,0,-0.440958065646643,0.1941147451991394,0.98829585,0.010310484,0.0013936487,0,0.07858593678583176,LOW
-7.3894567607883825,-13.894776398822614,0,-0.2257886230804777,-0.0067630151666318,0,0,0.6971105933189392,-0.640010416507721,0.1987736225128173,0.1086165308952331,5.7716757004679256,7.119148626647208,0,0,-0.3946489911963196,0.08863588987410942,0.99867,0.0008716503,0.00045838376,0,0.03569591842637467,LOW
-6.4652919188879165,-13.737854773464344,0,-0.597942277511743,-0.0469062700668692,0,0,0.6095700263977051,-0.5644834637641907,0.0999528542160987,0.0551974177360534,5.7716757004679256,7.164064390853183,0,0,-0.3827135483156568,0.06145035728049064,0.99863297,0.0008851562,0.00048190003,0,0.02483926784803372,LOW
